<html>
<head>

<meta name="generator" content="RoboHelp by eHelp Corporation   www.ehelp.com">
<meta name="description" content="WebHelp 5.50">
</head>
<body>
<script language="javascript" src="whfwdata.js"></script>
<script language="javascript">
<!--
//-->
</script>
<script language="javascript">
<!--
aWE("_inspect",1);
aWE("±50mm",511,512,606);
aWE("0",510,513,0,243,237,238,239,240,241,242,73,74,75,76,77,78,79,80,246,245,249,68,255,599,90,91,93,94,96,97,98,99,100,514,274,103,104,29,106,109,115,36,313,37,603,515,39,536,562,563,537,131,1,347,606,602,609,621,360,139,140,141,142,143,2,144,590,531,549,575,146,148,617,376,382,387,152,395,400,516,224,631,639,47,409,410,419,420,295,4,618,433,163,453,457,461,181,466,473,183,195,667,227,483,203,490,204,228,494,54,501,502,503,213,67,55);
aWE("00",0,313);
aWE("000",69,510,72,87,104,105,106,37,124,1,143,2,146,155,156,224,158,440,166,174,180,182,466,192,193,227,203,204,212);
aWE("0000",54);
aWE("00000",73,181);
aWE("00001",313);
aWE("0000ff",55);
aWE("001",109,36);
aWE("00100",181);
aWE("001mm",400,433,473);
aWE("002",36,37);
aWE("0022",227);
aWE("00265",227);
aWE("003",313,37);
aWE("004",36);
aWE("005",36,37);
aWE("006",2);
aWE("0061mm",109);
aWE("007",36);
aWE("008",64);
aWE("009",36);
aWE("00ab",227);
aWE("00bb",227);
aWE("01",64,313,131,1,55);
aWE("010",103,104,36,213);
aWE("01042",0,313);
aWE("011",36);
aWE("012",36);
aWE("013",36);
aWE("015",36);
aWE("015mm",510,514,515,516);
aWE("017",313,37);
aWE("018",36);
aWE("01mm",237,238,239,240,241,242,249,255,274,395,410,419,494,503);
aWE("02",64,55);
aWE("020",514,37,515,516);
aWE("021",36,313,2);
aWE("022",2);
aWE("024628",195);
aWE("025",514,515,590,575,516);
aWE("026",36);
aWE("028",37);
aWE("02dd",227);
aWE("03",148);
aWE("030",514,515,516);
aWE("033976",195);
aWE("034",313);
aWE("036",36);
aWE("038",37);
aWE("039",37);
aWE("04",510,109,313,54,55);
aWE("040",36,549);
aWE("041",36,313,37);
aWE("042",37);
aWE("043",36);
aWE("045",37);
aWE("047",531);
aWE("049",37);
aWE("05",19,0,313,609,590,575,54,55);
aWE("050",152,204);
aWE("051",36,606);
aWE("051254",189);
aWE("052",37);
aWE("05332",227);
aWE("054932",195);
aWE("05mm",510,387,490);
aWE("06",510,109,313);
aWE("060",36);
aWE("060mm",47);
aWE("062",36);
aWE("065",37);
aWE("06864",227);
aWE("072",531);
aWE("073",36);
aWE("074",36,313);
aWE("075",313,549);
aWE("076",313,606);
aWE("079",36);
aWE("08",510,19,109,54,55);
aWE("080",47);
aWE("081",313);
aWE("083342",189);
aWE("084",37);
aWE("088",105,313);
aWE("089",36);
aWE("092",36);
aWE("094",36);
aWE("095",37);
aWE("098",36);
aWE("099",36);
aWE("0mm",2);
aWE("0x",677,678,679,680,681,683,684);
aWE("0xy",681);
aWE("1",265,69,230,70,510,512,513,19,0,71,72,73,246,245,244,614,68,519,525,526,259,260,87,17,90,91,92,93,94,95,96,97,98,99,100,514,270,28,274,103,275,104,29,677,678,679,681,683,684,685,105,106,113,312,36,313,37,319,324,39,266,329,330,561,535,596,577,563,124,130,132,342,1,41,343,650,345,346,347,352,651,606,602,609,621,138,218,220,139,140,141,142,361,362,655,363,143,2,144,548,573,588,590,575,623,146,591,149,617,373,374,375,376,377,378,379,385,395,397,398,155,156,46,659,660,516,224,631,404,405,409,416,295,297,298,299,4,618,158,159,440,446,163,222,461,664,176,225,180,466,473,183,667,227,517,482,483,201,203,694,671,228,492,206,499,211,54,212,67,55);
aWE("10",230,510,512,19,0,244,249,93,94,98,267,313,329,1,41,343,8,602,358,220,361,362,2,365,367,391,295,298,299,433,159,466,472,192,193,517,484,54,26,674,67,55);
aWE("10°",512);
aWE("100",19,80,17,95,104,36,563,537,41,343,590,531,549,575,297,299,424,440,222,484,54,63,67,55);
aWE("1000",343,345,549,227);
aWE("10000",73,74,75,76,77,78,79,623);
aWE("1000000",104,120);
aWE("10000grad",416);
aWE("100grad",416);
aWE("100mm",1,531,549);
aWE("101",19);
aWE("102",19,313,360,295,55);
aWE("103",19,313,37);
aWE("104",19,36,313);
aWE("105",19);
aWE("106",19);
aWE("10635",227);
aWE("10646",55);
aWE("107",19);
aWE("108",19,313);
aWE("109",19,313,2);
aWE("10deg",2);
aWE("10mm",1,2,365,367,400,298);
aWE("11",19,313,602,2,617,295,227,483,54,55);
aWE("110",19,313);
aWE("111",19,313);
aWE("1117",19);
aWE("112",19,36);
aWE("113",19,313);
aWE("114",19);
aWE("11433",227);
aWE("115",19,313,531,549,295);
aWE("115200",621);
aWE("115650",189);
aWE("116",19,36);
aWE("117",19,313);
aWE("118",19,36,37,592);
aWE("119",19,37);
aWE("12",510,19,0,313,602,220,2,623,615,617,295,517,54,55);
aWE("120",19,267,549,55);
aWE("121",19);
aWE("122",19);
aWE("123",19);
aWE("124",19,55);
aWE("125",19,54);
aWE("1250",55);
aWE("1251",55);
aWE("1252",55);
aWE("1253",55);
aWE("1254",55);
aWE("1255",55);
aWE("1256",55);
aWE("1257",55);
aWE("1258",55);
aWE("126",19,55);
aWE("127",19,295);
aWE("128",19,0,295);
aWE("129",36,313);
aWE("12ft",510);
aWE("12n714",54,55);
aWE("13",19,105,313,295);
aWE("130",19,531,549);
aWE("131",54,55);
aWE("132",313,360,295);
aWE("134",313);
aWE("135",36,606,602);
aWE("137",531,549,54,55);
aWE("13743",190);
aWE("139",19,54,55);
aWE("14",19,313,295,183,190,54,55);
aWE("140",19,313,360,590,575,295);
aWE("1400",631);
aWE("140mm",590,575);
aWE("142",36,55);
aWE("143",36);
aWE("145",36);
aWE("146",36);
aWE("147",313,360,295);
aWE("148",19,36);
aWE("148174",189);
aWE("15",510,513,19,0,267,109,36,313,37,343,609,574,573,295,195,54,55);
aWE("150",343,590,531,549,575,55);
aWE("150mm",531);
aWE("152",36,313);
aWE("153",313);
aWE("154",54);
aWE("154134",195);
aWE("155",603,54,55);
aWE("156",36,54,55);
aWE("158",313);
aWE("15dec2004_17h44",221);
aWE("15hz",535);
aWE("15mm",599);
aWE("15th",221);
aWE("16",64,19,36,313,37,621,617,295,183,185,190,227,517,54,55);
aWE("160",19,531,54,55);
aWE("161",36,313);
aWE("162",19,36);
aWE("163",36,195);
aWE("164",36,227);
aWE("165",19,36);
aWE("166",36,55);
aWE("167",36);
aWE("168",55);
aWE("169",55);
aWE("16919",227);
aWE("16k",19);
aWE("16th",517);
aWE("17",19,36,2,295,227,54);
aWE("171",313,227);
aWE("172",54,55);
aWE("173",54,55);
aWE("174",19,36,313,37,54,55);
aWE("175",19,0,54,55);
aWE("176",19,36);
aWE("17744",190);
aWE("178",599,36,313,360,295,54,55);
aWE("179",36,313,531,549);
aWE("17h",221);
aWE("18",19,36,295,54,55);
aWE("180",515,549,516,299,458,466,54,55);
aWE("180264",189);
aWE("180mm",549);
aWE("181",36,313,54,55);
aWE("182",19,54,55);
aWE("183",54,55);
aWE("184",19,36);
aWE("185",36,360,295,54,55);
aWE("186",36,313,360,295,54,55);
aWE("187",227);
aWE("188",19,36,1,54,55);
aWE("189",36,1,54,55);
aWE("19",19,36,313,295);
aWE("190",19,36,37,1,54,55);
aWE("191",36,1,295,54,55);
aWE("192",36,313,54,55);
aWE("193",36,313,295,54,55);
aWE("194",36);
aWE("195",36,313);
aWE("196",19,313,360,295);
aWE("197",54,55);
aWE("198",54,55);
aWE("199",19);
aWE("1and",377);
aWE("1c",416);
aWE("1cc",416);
aWE("1d",287,313,561,535,356,137,366,421,663);
aWE("1gb",631);
aWE("1h",512);
aWE("1mb",221);
aWE("1min",416);
aWE("1mm",510,513,236,243,277,276,1,363,2,397,398,400,618,433,459,486,501,502);
aWE("1sec",416);
aWE("1st",514,517);
aWE("1xsigma",43);
aWE("2",9,265,230,18,510,512,513,19,0,71,614,68,528,519,520,521,523,525,526,527,259,17,90,91,92,93,94,96,97,98,99,100,270,28,274,275,29,679,680,683,684,312,313,37,603,319,320,322,324,266,329,330,122,561,535,536,562,563,537,124,342,58,650,346,352,356,137,651,606,602,609,621,138,218,220,139,140,141,655,363,143,2,573,575,657,591,369,372,373,374,375,376,377,378,379,382,46,659,13,660,224,631,404,405,409,416,295,298,299,4,618,431,662,445,14,461,174,225,181,15,667,227,517,201,485,627,668,16,694,671,228,206,499,211,54,67,675,55);
aWE("20",19,0,94,109,36,313,601,561,602,621,389,397,155,299,227,486,203,54,674,55);
aWE("200",19,0,80,95,609,2,440,180,466,227,54,55);
aWE("2000",313,634,639);
aWE("2003",313);
aWE("2004",221);
aWE("2005",1,54,55);
aWE("20050620",67);
aWE("2006",227);
aWE("2007",64,109);
aWE("2008",64);
aWE("201",19,227,55);
aWE("201c",227);
aWE("201d",227);
aWE("203",19,419);
aWE("2033",227);
aWE("203mm",419);
aWE("204",313,360,295);
aWE("205",19,54,55);
aWE("205917",195);
aWE("206",36,313);
aWE("207",54,55);
aWE("208",19,36);
aWE("2085",313);
aWE("2088",313);
aWE("20gb",631);
aWE("20mm",596,577,537);
aWE("21",19,313,227);
aWE("210",19,55);
aWE("21000",73);
aWE("210mm",55);
aWE("2111",313);
aWE("21150",623);
aWE("213",313);
aWE("215",19,55);
aWE("216",19,295,54,55);
aWE("217",313);
aWE("218",295,227);
aWE("21845",312);
aWE("219",313);
aWE("219666",189);
aWE("21mm",243);
aWE("22",19,105,313,37,54,55);
aWE("220",19,313,227);
aWE("222",36,195);
aWE("224",36,54,55);
aWE("225",19,313);
aWE("2264",313);
aWE("227",19);
aWE("2276",313);
aWE("228",19,54,55);
aWE("229",19,36);
aWE("23",19,313,189);
aWE("230",19,295,54,55);
aWE("23000",313);
aWE("23024",0);
aWE("23042",227);
aWE("231",36,313);
aWE("232",0,313,631);
aWE("234",313);
aWE("2345",313);
aWE("235",19);
aWE("23573",227);
aWE("236",2);
aWE("237",36,313);
aWE("238",36);
aWE("239",36);
aWE("2394",313);
aWE("24",64,19,313,563,54,55);
aWE("240",19,36);
aWE("241",19,54,55);
aWE("242",313,360,295);
aWE("246",37,2);
aWE("248",36,54);
aWE("249",19,313,54,55);
aWE("25",19,313,563,537,41,295,227,484,54,67,55);
aWE("250",19,0,36,295,54,55);
aWE("25049",47);
aWE("251",55);
aWE("252",313,360,295,54,55);
aWE("253",54,55);
aWE("254",19,36);
aWE("255",0,313,37,360,295);
aWE("256",36);
aWE("257",19,36);
aWE("258",54,55);
aWE("259",37);
aWE("25mm",510);
aWE("26",19,313);
aWE("260",19,55);
aWE("263",19);
aWE("266",19,2);
aWE("268",36);
aWE("27",19,36,189,54,55);
aWE("270",458);
aWE("273",19,36);
aWE("274",36,54,55);
aWE("275",19,36,2);
aWE("276",19,195);
aWE("276966",189);
aWE("277",19,313);
aWE("278",19,36);
aWE("279",19);
aWE("28",19,313,54,55);
aWE("281",36,2,55);
aWE("282",54,55);
aWE("283",36);
aWE("284718",189);
aWE("285",36,313);
aWE("287",313);
aWE("287402",195);
aWE("288",36);
aWE("289",313);
aWE("29",19,313,295,189,54);
aWE("290",36);
aWE("2910",227);
aWE("292",19);
aWE("295",36);
aWE("2963",227);
aWE("297",19,36,313,55);
aWE("297mm",55);
aWE("2d",9,18,236,72,518,528,29,287,313,560,534,5,6,7,630,218,139,140,363,2,366,46,417,421,4,48,692,663,664,693,67);
aWE("2dpoint",67);
aWE("2gb",631);
aWE("2m",531,549);
aWE("2mm",510,561,535,2,618,459,473,54,55);
aWE("2nd",514,561,535,356);
aWE("2xcount",29);
aWE("2xsigma",43);
aWE("3",265,18,70,510,512,513,19,0,71,239,73,76,614,518,519,525,526,599,90,91,92,94,96,97,98,99,100,29,677,678,679,681,683,113,312,115,313,37,323,266,329,330,536,562,131,342,650,346,352,651,606,602,609,621,218,220,140,141,142,655,363,591,617,372,374,376,377,378,379,395,396,659,3,660,516,631,409,661,417,419,295,4,618,447,453,174,225,466,470,185,190,667,517,201,694,671,499,211,54,67,55);
aWE("30",512,513,19,0,80,94,267,105,109,313,535,1,343,590,531,575,631,189,517,54,55);
aWE("300",105,313,343);
aWE("3000i",510,599,571);
aWE("3001",64);
aWE("302",36,2);
aWE("30209",227);
aWE("304",19,36);
aWE("305",19,313);
aWE("309",19,313);
aWE("30min",512);
aWE("31",19,313,601,621,623,617,54,55);
aWE("312",37);
aWE("31665",227);
aWE("318748",195);
aWE("32",64,19,0,313,621,189,55);
aWE("321",265,123,218,201,67);
aWE("322",19);
aWE("3225",313);
aWE("3233",313);
aWE("324",19);
aWE("326",313);
aWE("329",19,313,195);
aWE("32k",19);
aWE("33",19,87,563,189,54,55);
aWE("330",19,313);
aWE("331",313);
aWE("332",19,313,227);
aWE("333",36);
aWE("339",36);
aWE("34",19,313,37,227);
aWE("340",37);
aWE("341",36);
aWE("345",313);
aWE("3459",313);
aWE("346",36,227);
aWE("348",313,227);
aWE("35",19,0,106,313,37,590,575,189,54,55);
aWE("350",227);
aWE("351",19,313,227);
aWE("353",19);
aWE("354",37);
aWE("354748",195);
aWE("355",19);
aWE("356",19);
aWE("35654",227);
aWE("358",313);
aWE("35mm",590,575);
aWE("36",19,37,602,189);
aWE("360",606);
aWE("3600deg",416);
aWE("36368",227);
aWE("364",19);
aWE("365",36,37);
aWE("366",2);
aWE("368",36);
aWE("37",19,313,189);
aWE("371",313);
aWE("377",19);
aWE("38",19,36,313,37,189,55);
aWE("381",19);
aWE("382",36);
aWE("383",36);
aWE("384",36);
aWE("388",195);
aWE("39",19,36,37,54,55);
aWE("392",227);
aWE("393",19);
aWE("395",531,549);
aWE("396",36);
aWE("3cl",512,594,576);
aWE("3d",9,69,18,632,249,87,88,89,17,104,277,276,287,293,312,115,36,313,37,116,601,11,556,561,339,340,342,5,6,7,59,41,8,66,42,621,218,363,2,687,656,366,395,396,46,688,410,689,416,421,4,48,439,166,692,663,15,54,26,672,673,212,501,502,67);
aWE("3dconnexion",67);
aWE("3ddist",104,222);
aWE("3ds_v10",0,4);
aWE("3dscanner",510,68,634,54,67);
aWE("3dsmp",69,124,218);
aWE("3gb",631,67);
aWE("3m",512);
aWE("3mm",230,41,386,395);
aWE("3rd",514);
aWE("3x3",266,346);
aWE("3xsigma",43);
aWE("4",510,512,513,19,0,242,79,614,525,90,91,94,96,97,98,99,100,678,679,683,685,105,646,312,115,313,37,601,603,648,325,266,329,330,570,547,596,577,650,346,60,352,609,621,220,363,2,531,591,369,371,372,374,376,378,380,381,382,395,396,13,224,631,295,421,422,299,618,443,453,473,667,227,517,484,54,67,55);
aWE("40",19,0,246,245,36,313,561,345,149,385,158,176,227,54,67,55);
aWE("40001",512);
aWE("401",36);
aWE("402",313);
aWE("40249",185);
aWE("408",36);
aWE("40fp",563);
aWE("41",19,36);
aWE("411",37);
aWE("412",36);
aWE("414",36,313);
aWE("415",313,592);
aWE("416",36,313);
aWE("41930",227);
aWE("42",19,189);
aWE("420",19);
aWE("4200",631);
aWE("421",36,37);
aWE("423",36);
aWE("426",36,313);
aWE("427",36,227);
aWE("43",19,313,189);
aWE("430",36);
aWE("431",19);
aWE("432345",195);
aWE("433mhz",592);
aWE("434",36,227);
aWE("435",36);
aWE("436",36);
aWE("437",36,1);
aWE("43706",190);
aWE("438",36);
aWE("439",36);
aWE("44",19,0,221,54,55);
aWE("440",36,227);
aWE("442",37);
aWE("444",36);
aWE("445",19,36);
aWE("446",36);
aWE("45",19,80,514,313,350,133,606,299,467,189,672);
aWE("450",36);
aWE("452",313,37);
aWE("455",36);
aWE("456",313);
aWE("4567",313);
aWE("457",19,36);
aWE("458",19,36);
aWE("45835",227);
aWE("459",36);
aWE("45degre",609);
aWE("46",19,313);
aWE("460",36);
aWE("4600",631);
aWE("461",36,313);
aWE("462",36);
aWE("463",36,313);
aWE("464",36);
aWE("467",1);
aWE("468",313);
aWE("47",19,189);
aWE("471",313);
aWE("474",227);
aWE("475",37);
aWE("476",313);
aWE("478",37);
aWE("478344",189);
aWE("479",313);
aWE("48",570,547,564,189,54,55);
aWE("481",36);
aWE("485",37);
aWE("486",2);
aWE("487",19);
aWE("49",313,482);
aWE("4912",313);
aWE("4918",313);
aWE("492",37);
aWE("494",36);
aWE("497",36);
aWE("4ghz",631);
aWE("4mm",510);
aWE("4th",678,679);
aWE("4x4",347);
aWE("5",70,510,512,513,19,0,238,73,75,80,514,104,683,312,115,313,603,11,319,515,330,570,547,563,537,58,12,606,602,609,621,220,360,607,590,531,549,575,146,591,372,395,396,224,631,295,618,444,453,461,174,225,466,473,667,227,517,203,204,492,54,674,67,55);
aWE("50",19,0,80,249,267,104,109,313,316,120,563,343,356,590,531,549,575,224,410,297,440,167,189,223,484,54,55);
aWE("500",249,105,1,143,2,388,440,227);
aWE("5000",67);
aWE("50000",73);
aWE("500mm",511,512,606);
aWE("502",313);
aWE("505",313);
aWE("508",37);
aWE("50868",227);
aWE("50m",616);
aWE("50mm",549);
aWE("51",19,313,1,360,295);
aWE("510",36);
aWE("510651",189);
aWE("511",1);
aWE("513",1);
aWE("515",36);
aWE("516",37);
aWE("5165",195);
aWE("519",37);
aWE("52",19,1,54,55);
aWE("520",36);
aWE("521",36,313);
aWE("522",36);
aWE("524",313);
aWE("525",36);
aWE("526",1);
aWE("529",36,313,1);
aWE("53",19,313,1,195);
aWE("531",36);
aWE("533",313);
aWE("534",36);
aWE("536",2);
aWE("537",36);
aWE("539",36,313);
aWE("54",19,313);
aWE("540",36);
aWE("543",313);
aWE("544",313);
aWE("546",37);
aWE("54fp",563);
aWE("55",19,106,313);
aWE("552",36);
aWE("557",313);
aWE("558",19);
aWE("55853",227);
aWE("559",313);
aWE("56",19);
aWE("560425",195);
aWE("565",37);
aWE("56593",227);
aWE("566",313);
aWE("5681",195);
aWE("56816",227);
aWE("57",19,0,221);
aWE("570",313);
aWE("572",36);
aWE("573",313);
aWE("574",1);
aWE("574612",189);
aWE("57708",183);
aWE("57749",227);
aWE("578",36);
aWE("58",19,313,54,55);
aWE("583",1);
aWE("5876",313);
aWE("5881",313);
aWE("59",19,313);
aWE("590",313);
aWE("593",313,2);
aWE("594",19,313);
aWE("595",313);
aWE("596",313);
aWE("599606",189);
aWE("5horizontal",514);
aWE("5m",616,617);
aWE("5mm",510,243,255,561,535,1,41,2,410,473,490,55);
aWE("6",510,19,0,243,73,684,313,317,40,621,656,591,617,369,376,395,396,13,631,295,448,190,667,227,517,54,67,55);
aWE("60",510,513,19,249,560,534,531,439,166,182,467,55);
aWE("601",313);
aWE("605",36);
aWE("606",36);
aWE("606918",189);
aWE("60deg",416);
aWE("60mm",531);
aWE("61",19,313,601,621,67);
aWE("613",36,1);
aWE("614",37);
aWE("616911",195);
aWE("619",36,37);
aWE("62",19,37);
aWE("620",36);
aWE("621",36);
aWE("622",36);
aWE("624",313);
aWE("625",1);
aWE("625520",195);
aWE("628",1);
aWE("63",19,0,313,37,295,54,55);
aWE("632",36);
aWE("64",19,0);
aWE("641",36);
aWE("642",313);
aWE("643",36);
aWE("644",36);
aWE("64990",227);
aWE("65",19,313);
aWE("650mb",631);
aWE("651",36);
aWE("652",313);
aWE("654",313);
aWE("656",313);
aWE("657",313);
aWE("659",36);
aWE("65fp",563);
aWE("66",19,55);
aWE("663",313);
aWE("665",313);
aWE("67",19,313);
aWE("672",36);
aWE("674",36,313);
aWE("676",36,37);
aWE("67645",227);
aWE("678",36);
aWE("68",19,313);
aWE("68021",227);
aWE("683",36);
aWE("686",36);
aWE("689",36);
aWE("69",19);
aWE("691",313);
aWE("694",36,313);
aWE("69419",227);
aWE("695",313);
aWE("699",313,37);
aWE("6mm",601,603,606,473,550,592,540,55);
aWE("7",19,0,237,73,74,313,601,318,345,621,591,371,378,385,396,295,158,449,667,672,67,55);
aWE("70",19,313,590,575,54,67,55);
aWE("704",313,227);
aWE("706",36);
aWE("709",313);
aWE("70mm",590,575);
aWE("71",19);
aWE("710",36);
aWE("715",36);
aWE("716",36);
aWE("718",313);
aWE("72",19);
aWE("7200",631);
aWE("721",36);
aWE("722",36);
aWE("723",313);
aWE("728",36);
aWE("73",19);
aWE("730",36);
aWE("732",36,313,37);
aWE("733",227);
aWE("735",36);
aWE("737",2);
aWE("73756",185);
aWE("73920",227);
aWE("74",64,19,313,55);
aWE("743",313);
aWE("749",36);
aWE("75",19,267,531,549,54,55);
aWE("752",313);
aWE("758",36);
aWE("75mm",573);
aWE("76",19);
aWE("761854",195);
aWE("762",36);
aWE("765",36);
aWE("77",19,563,54,55);
aWE("774",36,313);
aWE("776",313);
aWE("778",313);
aWE("78",19,313);
aWE("784",313);
aWE("788",313);
aWE("79",19,195);
aWE("793",313);
aWE("793013",189);
aWE("79340",227);
aWE("794",36);
aWE("796",313);
aWE("798",36);
aWE("7mm",420);
aWE("8",511,512,19,0,240,77,313,606,591,374,380,396,295,298,180,466,667,227,54,55);
aWE("80",19,267,313,549,55);
aWE("800",313,531);
aWE("80000",563);
aWE("8026",313);
aWE("803",36);
aWE("80739",227);
aWE("808080",55);
aWE("80fp",563);
aWE("81",19,313,360,295);
aWE("814135",669);
aWE("817",36);
aWE("82",19,313,601,621);
aWE("8220",227);
aWE("8221",227);
aWE("8222",227);
aWE("823",36);
aWE("8243",227);
aWE("826",36);
aWE("827",36);
aWE("828",37);
aWE("829",313);
aWE("8299",313);
aWE("83",19);
aWE("831",36);
aWE("833",36);
aWE("834",36);
aWE("835",36);
aWE("837",36);
aWE("838",2);
aWE("839",36);
aWE("84",19);
aWE("840",36);
aWE("841",36);
aWE("842",36);
aWE("843",36);
aWE("844",36);
aWE("845",36);
aWE("84552",227);
aWE("848",313);
aWE("85",19,313);
aWE("851",313);
aWE("852",313);
aWE("85417",227);
aWE("857",36);
aWE("85mm",588);
aWE("86",64,19,531);
aWE("861",36);
aWE("862",36);
aWE("863",19);
aWE("866",36);
aWE("86845",183);
aWE("869",36);
aWE("87",19);
aWE("872",36);
aWE("873",36);
aWE("875",19,36);
aWE("876",36);
aWE("877",36);
aWE("879",313);
aWE("87972",227);
aWE("88",19);
aWE("881",313);
aWE("8811",54);
aWE("882",36);
aWE("8822",54,55);
aWE("883",36);
aWE("884",313);
aWE("8859",55);
aWE("889",313);
aWE("89",19);
aWE("897465",189);
aWE("897686",189);
aWE("8ft",510);
aWE("8k",19);
aWE("8mm",1,606);
aWE("8x",67);
aWE("9",510,513,19,0,241,78,313,650,609,621,591,381,295,472,667,227,54,26,67,55);
aWE("90",19,0,614,267,277,276,268,1,609,588,299,458,517,67,55);
aWE("905",36);
aWE("906",313);
aWE("908",36);
aWE("91",19,313);
aWE("92",19,313);
aWE("921",36);
aWE("922",36,313,54,55);
aWE("922241",189);
aWE("928",313);
aWE("93",19);
aWE("936",37);
aWE("93726",227);
aWE("938",36,313);
aWE("94",19,54);
aWE("942",313);
aWE("943",313,37);
aWE("95",19,43,54);
aWE("957",36);
aWE("958",36);
aWE("96",510,19,313,596,577,563,537);
aWE("9600",631);
aWE("962",313);
aWE("962082",189);
aWE("963",313);
aWE("968",36);
aWE("97",19,313,37);
aWE("971",36);
aWE("97262",183);
aWE("97718",183);
aWE("98",19,0,37,54,55);
aWE("981",313);
aWE("983",36,313);
aWE("987",36,313);
aWE("99",19);
aWE("991",313);
aWE("993",36);
aWE("99327",190);
aWE("996",36);
aWE("998",36);
aWE("a11",313);
aWE("a12",313);
aWE("a13",313);
aWE("a2",19,55);
aWE("a21",313);
aWE("a22",313);
aWE("a23",313);
aWE("a3",19,55);
aWE("a31",313);
aWE("a32",313);
aWE("a33",313);
aWE("a4",19,55);
aWE("a5",19);
aWE("a6",19);
aWE("aa",347);
aWE("abbreviation",219,227,55);
aWE("abiliti",468,670);
aWE("ability",595,533,554,67);
aWE("abl",634,635,573,588,616,631,620,641);
aWE("abov",513,24,17,94,514,29,680,109,33,34,515,329,122,558,1,6,58,609,615,617,376,377,395,396,516,224,631,421,4,461,473,223,517,671);
aWE("absent",442,55);
aWE("absolut",0,250,251,287,39,342,1,43,404,405,50,667,669,67,675);
aWE("absolute",379);
aWE("absorption",614);
aWE("abus",64);
aWE("ac",599);
aWE("acceleration",631);
aWE("accent",227);
aWE("accept",64,513,528,524,29,109,650,609,139,140,141,142,548,402,417,419,222,227,517,67);
aWE("acceptabl",609,402);
aWE("acceptabovewarninglevel",109,517);
aWE("acceptanc",243,237,238,239,240,241,242);
aWE("acces",613,555,7,656,616,617,620,667,668,16,671);
aWE("accessibl",265,229,230,231,232,18,510,56,233,234,235,236,21,22,243,237,238,239,240,241,242,23,246,245,244,247,248,249,250,251,252,253,518,528,519,520,521,610,522,523,524,525,526,527,611,612,254,255,256,257,258,25,259,260,17,261,644,262,264,263,267,270,27,271,272,28,273,274,275,29,277,276,278,279,30,280,281,282,31,283,284,285,32,286,287,289,290,288,291,292,293,294,300,301,302,303,304,305,306,307,33,34,308,221,309,310,311,35,312,36,37,314,315,316,317,318,319,320,321,322,323,324,325,326,327,38,39,328,266,329,330,268,269,331,332,333,538,565,578,597,334,335,336,337,338,339,340,40,6,58,41,343,344,345,346,347,348,349,350,351,60,352,42,353,354,355,356,652,357,358,359,360,361,362,363,364,365,367,366,341,43,44,45,617,368,369,370,371,372,373,374,375,376,377,378,379,380,381,382,383,384,385,386,387,388,389,390,391,392,393,394,395,396,397,398,46,3,399,400,401,402,403,404,405,406,407,408,47,410,411,661,296,299,425,429,430,431,432,433,434,435,436,48,438,439,440,441,442,49,444,443,445,446,449,448,447,450,451,50,452,453,454,455,456,457,458,222,459,460,461,462,463,464,465,466,467,468,469,470,471,472,473,474,475,476,223,51,52,477,478,479,480,481,482,483,484,485,486,487,488,489,669,671,490,491,492,493,494,495,496,497,498,499,53,26,500,672,674,695,501,502,503,504,505,506,507,508,509);
aWE("accessori",582,567,541,614,530,546,586,568);
aWE("accident",64);
aWE("accidental",108,572,61,664,67);
aWE("accord",230,512,80,250,252,599,677,678,679,681,683,684,685,277,276,292,686,312,601,603,317,318,319,320,323,324,325,327,595,533,554,596,577,563,1,59,41,345,60,607,365,367,400,403,47,661,416,423,424,4,430,433,61,664,465,474,675);
aWE("account",246,245,244,517);
aWE("accuracy",510,512,249,255,514,104,515,557,602,604,600,609,363,516,410,418,551,222,459,471,608,67);
aWE("accurat",64,510,512,513,614,579,608,67);
aWE("accurate",617);
aWE("achiev",109,538,565,578,597,563,537,355,2,439,450,465,466,474,228,492);
aWE("acquir",61,664);
aWE("acquisition",579);
aWE("acros",614,333);
aWE("act",599,273,401,408,669,672);
aWE("action",21,29,652,658,44,45,388,389,390,391,392,393,394,297,664,665,189,227,671,674);
aWE("activ",229,233,21,22,614,250,252,28,274,275,29,290,293,303,304,305,306,307,646,308,647,686,328,266,329,558,563,7,59,41,343,8,650,346,354,357,218,369,371,372,374,376,378,380,381,382,396,154,660,157,401,406,411,415,431,434,435,436,50,457,619,620,476,669,694,671,496,499,672,695,67,675);
aWE("activat",229,17,275,29,289,308,328,266,329,570,547,536,562,563,342,650,346,652,384,403,406,411,429,434,662,664,671,67,675);
aWE("activation",570,547,652);
aWE("active",658);
aWE("actual",243,677,678,679,680,681,682,683,684,685,686,559,563,2,365,367,516,405,160,664,665,550,592,540,672);
aWE("acut",227);
aWE("ad",230,27,29,329,330,563,650,13,412,413,414,425,4,50,664,619,183,189,190,667,499,67);
aWE("adapt",599);
aWE("adaptiv",595,533,554,583,621,67);
aWE("adaptor",631,581);
aWE("add",230,70,92,28,290,308,328,329,330,634,370,379,631,639,406,411,425,430,434,450,50,222,664,225,468,666,667,669,54);
aWE("addition",603,657,224,418,55);
aWE("additional",230,519,520,521,523,525,526,527,33,34,310,570,547,595,533,554,65,58,59,219,376,631,50,666,517,26,673,67);
aWE("addres",631,67);
aWE("adjacent",473);
aWE("adjoin",556,557,559);
aWE("adjust",512,513,29,595,533,554,560,534,536,562,596,577,537,342,59,60,354,355,635,378,427,436,625,48,465,466,672,67,55);
aWE("adjustment",98,563,218,378,662,457,26);
aWE("administrativ",634,643);
aWE("administrator",634,631);
aWE("advanc",603,555,556,557,558,559,562,596,577,563,537,604,600,609,363,607,631,492,67);
aWE("advantag",521,345,468,26,67);
aWE("advis",622);
aWE("affect",229,56,255,260,289,293,303,304,305,306,307,327,38,39,329,332,1,60,12,621,357,143,367,388,389,390,391,392,393,394,295,299,444,443,445,446,449,448,447,450,454,459,463,469,471,481,227,484,489,669,694,671,496,499);
aWE("afford",691);
aWE("afterward",218,656,451,162);
aWE("again",614,519,520,521,523,525,526,527,514,271,29,293,648,317,318,319,320,323,324,325,515,332,559,536,562,563,7,344,630,606,621,623,658,516,224,436,446,473,517);
aWE("agonic",379);
aWE("ahead",471);
aWE("aid",672);
aWE("aij",313);
aWE("alf",594,532,553,576);
aWE("algorithm",230,70,249,266,533,554,131,1,345,346,218,2,385,397,398,155,156,410,662,67);
aWE("alias",421);
aWE("align",9,230,231,232,18,70,599,17,645,29,109,686,330,342,5,58,59,41,630,218,2,656,397,398,155,156,400,4,433,436,662,48,663,225,667,694,671,54,672,67,55);
aWE("aligned_",225);
aWE("aligned_current",225);
aWE("aligned1",225);
aWE("alignentiti",70,124,218,225);
aWE("alignment",230,510,511,632,512,513,234,71,633,518,528,522,523,524,599,514,272,109,313,545,330,268,594,532,553,576,630,606,621,218,622,366,397,398,637,516,428,618,539,566,430,50,457,468,667,226,517,550,592,540,668,608,671,643,211,67,55);
aWE("all_entities1",313);
aWE("allen",593);
aWE("allocat",267,631);
aWE("allow",265,510,512,513,613,584,585,518,519,520,521,522,523,524,525,526,527,599,271,274,645,676,677,678,679,680,681,683,684,221,647,686,266,329,268,269,123,538,565,578,597,595,533,554,557,558,560,534,561,535,536,562,563,537,564,338,7,58,59,344,650,346,354,634,656,548,573,588,615,46,224,631,410,425,426,427,428,457,222,459,461,692,61,664,620,666,473,579,492,580,67);
aWE("allowabl",131,395);
aWE("almost",692,619);
aWE("along",614,528,87,17,93,98,646,36,37,324,266,563,344,346,356,137,218,2,623,365,367,366,378,386,387,152,400,4,433,450,457,461,174,671,492);
aWE("alp",67);
aWE("alpha",409,467);
aWE("alphabetical",342,5,218,219,222);
aWE("already",27,29,536,562,339,340,357,363,548,573,588,617,384,631,295,429,50,61,664,667,496);
aWE("alt",231,243,237,238,239,240,241,242,73,74,75,76,77,78,79,677,678,679,680,681,683,684,685,308,317,318,319,320,323,324,325,328,369,371,372,374,376,378,380,381,382,406,411,434,464,666,183,189,190,667,487,488,669);
aWE("alternativ",374,376,378,627);
aWE("although",513,274,303,304,305,306,307,363,400,433,462,517,671);
aWE("aluminum",295);
aWE("alway",233,614,518,519,525,526,29,287,109,313,317,318,319,536,562,650,352,219,366,617,374,399,660,400,416,417,421,423,427,4,431,433,435,456,692,664,593,667,476,669,672,55,506);
aWE("ambient",510,632,614,595,533,554,596,577,563,537,635,295,618,640);
aWE("amount",510,513,308,328,333,656,341,146,386,631,409,411,420,4,434,163,61,619,492);
aWE("amp",55);
aWE("ampersand",224,227,55);
aWE("amsterdam",0);
aWE("analys",1,363);
aWE("analysi",0,1,363,2,4,67);
aWE("anddistanc",36);
aWE("andline2",96);
aWE("andline2index",96);
aWE("andmaxedgelength",222);
aWE("andoffset3",94);
aWE("andpoint2",90);
aWE("andpoint2index",90);
aWE("andpoint3",94);
aWE("andpoint3index",94);
aWE("andzoom",46);
aWE("angl",510,513,80,614,249,612,678,313,560,534,345,609,218,220,365,367,617,376,385,404,409,416,428,618,431,433,158,439,443,166,457,180,182,466,467,666,472,473,192,193,227,486,203,671,492,672,674,67);
aWE("angleunit",313);
aWE("angular",433);
aWE("animat",408,672);
aWE("animation",424);
aWE("annotat",614);
aWE("annotation",56,10,30,33,38,5,57,59,67);
aWE("anoth",513,23,614,518,528,519,522,524,525,526,24,264,271,308,326,328,266,329,332,552,344,650,346,349,351,354,357,384,397,398,399,406,411,295,428,429,691,434,435,456,619,473,667,669,492,495,496,506,509);
aWE("ansi",55);
aWE("answ",641);
aWE("answer",266,329,346);
aWE("antenna",574,589,573,588,625,581,598);
aWE("anti",585,421,579);
aWE("any",64,510,512,513,234,235,73,246,245,244,613,259,514,271,272,676,677,678,679,680,681,683,684,292,686,36,313,37,315,322,515,266,329,333,570,547,557,558,337,339,340,650,345,346,347,630,652,357,218,361,362,2,656,145,548,622,573,588,369,371,372,374,376,378,380,381,382,385,397,398,659,516,224,631,295,4,438,450,165,457,61,664,620,225,464,465,466,467,468,470,471,472,473,474,183,185,189,190,667,641,496,672,503,598);
aWE("anyway",400,402,433);
aWE("anywher",404,673);
aWE("ap",64,230,233,234,235,71,250,24,260,267,270,274,310,601,603,322,326,327,38,594,532,553,576,533,559,560,534,561,535,596,577,563,537,564,334,342,58,343,8,345,347,349,634,139,140,141,656,607,384,385,516,418,295,425,429,539,566,438,457,462,473,474,477,483,671,228,497,499,67);
aWE("apart",252,17,41,621,617,473);
aWE("apertur",548,573,588,620);
aWE("apex",90,94,97,99,100,676,678,313,318,352,431);
aWE("aplanar",528);
aWE("apo",55);
aWE("apostroph",201,55);
aWE("appear",230,56,243,237,238,239,240,241,242,614,250,252,518,528,519,520,521,522,523,524,525,526,527,599,256,92,644,514,267,29,677,678,679,680,681,682,683,684,685,279,286,287,290,109,33,34,601,316,318,319,320,321,322,323,324,325,515,327,38,266,329,333,555,556,557,558,536,562,336,65,58,59,41,8,650,345,346,630,60,352,634,651,652,621,357,220,139,140,141,142,607,622,623,366,657,658,44,45,617,368,374,395,46,637,399,516,402,624,638,403,404,405,407,296,412,413,414,416,417,295,425,4,618,436,442,50,452,456,457,222,460,664,619,225,468,473,626,475,667,476,223,517,627,641,669,671,228,26,674,695,67,55);
aWE("appearanc",272,677,678,679,680,681,682,683,684,685,292,38,66,392,393,394,412,413,414,299,4,664,672,674,695);
aWE("appendix",19,0,20,4,55);
aWE("applet",415,416);
aWE("appli",229,230,70,510,513,233,234,235,22,246,245,244,248,249,250,252,253,28,676,279,286,289,303,304,305,306,307,310,113,603,317,327,38,266,329,268,558,560,534,335,336,58,343,345,346,347,349,218,139,140,142,363,365,341,149,615,369,371,372,374,376,378,380,381,382,384,385,386,387,152,397,398,155,156,659,224,409,410,418,419,429,158,442,444,443,445,446,449,448,447,450,451,453,461,176,465,666,476,517,484,486,671,496,497,499,26,500,672,674,501,502,503,67);
aWE("applicabl",230,250,252,260,270,274,103,290,293,646,363,388,389,390,391,416,417,299,664,672,674);
aWE("application",518,528,522,524,292,293,300,221,536,562,630,600,218,657,615,368,396,631,425,691,435,438,168,169,223,669,672,695,67,675);
aWE("apply",230,231,232,234,246,245,244,255,256,270,336,1,58,345,347,218,361,362,656,149,385,387,158,159,453,459,692,663,619,176,464,477,483,485,671,494,67);
aWE("applytoselection",71,218);
aWE("appropriat",510,312,603,266,329,557,558,536,562,563,537,650,346,622,617,428,618,67);
aWE("approv",603);
aWE("approx",517);
aWE("approximate",511,512,614,514,515,606,602,516);
aWE("approximation",448,671,674);
aWE("arbitrary",344);
aWE("arc",609);
aWE("architectur",573,588);
aWE("area",230,0,236,72,243,246,245,613,614,249,528,644,514,271,274,103,104,678,292,293,308,313,316,120,327,328,560,534,563,127,342,1,59,343,344,345,349,354,355,218,361,362,363,143,2,656,658,617,385,397,398,46,406,410,411,4,691,618,431,434,158,159,436,439,440,450,451,162,166,456,663,619,620,180,464,466,666,472,473,474,192,193,202,485,486,203,641,669,671,490,204,672,673,674,503,67,55);
aWE("areasmp",72,124,218,143,224,227);
aWE("areasmpdist",143,224,227);
aWE("argument",169);
aWE("arial",54,55);
aWE("aris",64);
aWE("arm",510,511,512,513,528,599,514,267,109,601,603,515,266,329,556,557,558,559,563,41,650,346,630,606,600,609,218,607,573,588,591,616,617,397,398,516,688,412,413,414,690,430,460,61,664,619,620,593,550,592,540,628,67,581,598);
aWE("armdata",599);
aWE("armspec",599);
aWE("around",18,277,276,292,316,1,609,2,365,367,43,615,616,617,433,457,458,61,664,665,490,204,492,672,503,67);
aWE("arrang",21,22,34,686,5,59,60,12,412,413,414,433,692,481,67);
aWE("arrangemod",12);
aWE("array",236,72,218,663);
aWE("arrow",614,28,29,677,678,679,680,681,683,684,287,39,266,329,333,346,46,412,413,414,50,474,667,67);
aWE("asc",312,115,130,339,340,132,630,218,656,395,153,154,416);
aWE("ascii",647,312,115,339,340,395,153,154,416,67,55);
aWE("ask",518,528,519,520,521,522,523,524,525,526,527,85,109,311,266,329,536,562,346,623,417,452,517,67);
aWE("asm",0,131,1,395);
aWE("aspect",613);
aWE("assemb",599,548,573,588,608);
aWE("assembl",333,593);
aWE("assessment",0,4);
aWE("assign",37,39,555,352,218,358,607,13,660,442,49,667,201,67);
aWE("assignment",510,557,558,607);
aWE("assist",599,66,402,664,668,16);
aWE("assistant",66);
aWE("associat",287,33,34,352,46,627);
aWE("assum",536,562,131,1,148,395,227,494,55);
aWE("asurfac",528);
aWE("ati",631);
aWE("atl",603);
aWE("attach",510,512,614,599,544,363,427,430,50,67);
aWE("attempt",512,316,218,656,548,573,588,202,485);
aWE("attention",428);
aWE("attribut",55);
aWE("attribute_1",55);
aWE("attribute_2",55);
aWE("attribute_n",55);
aWE("audibl",635,415,67);
aWE("audio",548,573,588,623,415,664);
aWE("author",430,50,227);
aWE("authoris",579);
aWE("auto",0,21,22,243,237,238,239,240,241,242,23,73,74,75,76,77,78,79,17,645,34,556,536,562,596,577,563,537,342,5,58,41,60,12,218,366,13,421,50,667,53,67);
aWE("autocad",312,115,395);
aWE("autocircleextract",73,124,218);
aWE("autoconeextract",74,124,218);
aWE("autocylinderextract",75,218);
aWE("automat",249,226);
aWE("automatic",23,225,67,55);
aWE("automatical",230,18,513,233,21,22,614,249,585,518,528,519,523,525,526,259,274,29,680,681,277,276,287,305,33,34,308,221,328,266,329,333,552,595,533,554,556,560,534,536,562,596,577,563,537,336,1,41,343,8,650,346,60,352,12,609,219,139,140,141,142,2,656,145,658,368,370,379,13,399,400,224,406,411,4,430,432,433,434,435,436,662,441,442,49,456,61,664,619,51,52,517,579,669,671,492,499,500,67,55,509);
aWE("automotiv",66,67);
aWE("autoplaneextract",76,218);
aWE("autorang",0);
aWE("autorectslotextract",77,218);
aWE("autoroundslotextract",78,218);
aWE("autoset",614,536,562,621,218,618,61,664,194);
aWE("autosphereextract",79,218);
aWE("autoview",80,218,226,67);
aWE("availabl",69,582,567,541,230,233,584,68,17,95,98,100,644,262,273,645,104,29,286,288,108,303,304,305,306,307,646,34,111,112,647,686,115,116,117,120,327,38,266,329,122,595,533,554,558,536,562,596,577,563,537,65,131,1,58,343,650,346,630,352,606,609,138,357,359,360,653,139,140,141,142,143,687,144,364,548,573,588,146,657,617,369,371,372,374,376,378,380,381,382,395,153,154,155,156,46,624,638,689,412,413,414,415,421,426,428,618,430,163,453,222,692,61,664,183,185,187,189,190,667,226,517,203,668,16,694,671,496,206,672,212,67,598);
aWE("availalbl",70,73);
aWE("averag",246,245,244,249,526,342,1,343,345,218,361,362,687,656,43,149,379,385,409,661,691,663,176,667,227,486,203,67);
aWE("avg",227);
aWE("avoid",316,41,359,617,403,625,619,620,593,67);
aWE("away",614,250,2,43,664,503);
aWE("ax",265,599,274,29,287,646,308,327,39,328,558,59,346,350,133,352,607,365,367,366,375,377,379,400,411,422,433,434,453,456,457,461,669,694,671,492,672,67);
aWE("axi",265,18,528,523,525,526,599,87,17,90,91,94,96,97,98,99,100,676,677,678,679,680,681,683,684,277,276,287,34,36,313,37,318,319,324,266,268,269,123,558,344,650,346,352,609,2,365,367,366,371,372,373,375,377,378,379,380,381,400,224,421,4,431,433,163,457,458,461,174,665,492,67);
aWE("axisvector",2);
aWE("ay",352);
aWE("az",352);
aWE("b",510,513,19,20,247,81,613,614,250,518,528,519,520,521,610,522,523,524,525,526,527,611,612,599,678,313,555,557,558,559,536,562,563,342,351,651,652,360,607,617,419,420,618,61,664,464,473,667,226,517,592,67,55);
aWE("b4",19);
aWE("b5",19);
aWE("b6",19);
aWE("back",234,247,81,248,614,633,599,646,326,557,536,562,342,40,602,609,138,357,218,573,588,617,295,427,452,692,664,667,517,640,671,493,494,495,496,672,695,503,67,581);
aWE("backfac",58);
aWE("background",33,38,536,562,60,352,366,295,421,478,67);
aWE("backspac",667);
aWE("backup",536,562);
aWE("backward",326,332,687,494,67);
aWE("bad",621,397,398,67);
aWE("bag",585,579);
aWE("ball",510,512,513,528,519,520,521,610,523,527,611,599,601,603,559,606,529,420,550,592,540,67);
aWE("band",58);
aWE("bandwidth",627);
aWE("bar",512,614,599,644,536,562,606,368,400,297,299,428,433,625,664,665,667,223,673,674,67);
aWE("bas",513,0,246,245,244,613,614,518,528,519,521,523,525,526,599,24,90,93,94,97,99,100,678,681,313,316,120,318,319,563,342,343,345,352,621,218,139,140,141,363,385,400,417,420,4,431,433,14,692,620,181,182,467,666,473,474,486,203,228,501,502,67,55);
aWE("basearea",313);
aWE("baseplan",139,140,141,224);
aWE("basi",345,372);
aWE("basic",613,614,644,646,431,667,67);
aWE("batch",249,342,656,691,667);
aWE("battery",582,584,596,548,573,588,625,592,67,598);
aWE("baud",556,621);
aWE("be",512,513,614,599,544,552,560,534,606,621,635,539,566,61,664,620,627,640,67);
aWE("beam",548,573,588);
aWE("becom",510,274,650,609,369,397,398,453,619,517,495,499);
aWE("beep",513,599,621,635,640,643);
aWE("befor",230,231,232,510,512,513,236,246,245,244,613,249,253,255,599,17,270,274,293,303,310,315,316,322,1,7,345,356,361,362,363,143,2,548,573,588,616,385,387,397,398,410,415,417,421,450,451,453,459,692,620,517,483,486,627,671,490,204,493,499,672,503);
aWE("begin",599,536,562,41,548,379,224,431,620,189,227,517);
aWE("beginner",66);
aWE("behav",519,520,521,523,525,526,527,183,185,189,190);
aWE("behaviour",270,595,533,554,139,140,141,142,365,367,387,417,420,664,67);
aWE("beig",295);
aWE("belgium",64);
aWE("believ",64);
aWE("belong",0,103,686,313,266,329,126,127,1,346,630,352,138,2,146,397,163,457,464,184,186,189,197,228,206,208,209);
aWE("below",229,230,513,238,599,24,17,94,677,678,679,680,681,683,684,291,292,294,109,34,266,329,333,559,563,65,1,58,59,41,343,650,346,352,609,2,548,615,369,371,372,374,376,377,378,380,381,382,400,224,47,409,418,4,618,433,619,666,223,227,517,550,592,540,54,55);
aWE("bench",512,614);
aWE("benefit",631);
aWE("bent",678,679,680);
aWE("besid",521);
aWE("best",230,70,512,22,614,316,333,538,565,578,597,533,554,560,534,561,535,536,562,596,577,563,537,602,218,2,370,662,450,692,67);
aWE("bet",230,510,293,303,315,122,560,534,596,577,563,537,41,355,2,573,588,442,49,450,465,466,474,671,672,695,67);
aWE("beta",67);
aWE("beyond",17,41);
aWE("big",19,17,329,692,493);
aWE("binary",115);
aWE("bind",250,251,252,342,667,675);
aWE("bio",313,601,603,621,623,67);
aWE("bit",309,556,484,493);
aWE("bitmap",478,55);
aWE("black",614,599,677,678,679,680,681,682,683,684,685,329,536,562,60,366,295,421,618,50,61,664,67,55);
aWE("blank",218,220,150,425,169);
aWE("blend",0,359);
aWE("blink",621);
aWE("block",582,567,541,510,511,512,513,514,545,606,516,620,550,592,540);
aWE("blown",626);
aWE("blu",0,599,313,558,65,1,609,360,607,636,224,295,4,54,55);
aWE("bmp",4,50,478,67,55);
aWE("bnd",227);
aWE("board",585,586,568,588,623,627,579,67,581);
aWE("body",465,67);
aWE("bodylin",610,676,686);
aWE("bold",229,65,54,55);
aWE("bolditalic",54,55);
aWE("bolt",512);
aWE("bookmark",65);
aWE("boolean",222);
aWE("boost",595,533,554);
aWE("boot",548,631);
aWE("bord",17,58,343,43,295,54,55);
aWE("border",21,22,274,103,292,409);
aWE("both",512,243,528,521,17,262,273,29,684,287,308,316,266,329,333,122,536,562,6,7,58,41,8,650,346,66,351,630,634,652,621,219,363,374,376,377,378,224,403,299,4,431,433,434,436,625,450,666,667,227,485,627,669,671,672,503,67);
aWE("bottom",0,677,681,287,269,333,536,562,43,404,417,295,4,665,465,223,673,55);
aWE("bottomleft",54);
aWE("bottomright",54);
aWE("bound",363,143,4,664,54);
aWE("boundari",243,289,314,342,8,218,656,397,398,400,661,295,691,433,178,179,464,666,667,477,198,202,485,486,228,674,67);
aWE("boundary",17,104,316,120,317,58,218,363,143,410,178,179,464,666,227,490,204,674,67);
aWE("box",230,510,513,614,633,599,92,29,677,678,679,680,681,682,683,684,685,601,603,38,266,329,123,530,546,586,568,569,587,570,547,556,558,559,561,535,536,562,596,577,563,537,336,342,41,343,650,346,621,2,144,622,574,589,573,588,616,617,46,516,404,405,407,298,424,425,426,428,618,664,465,666,473,474,194,223,669,54,67,581,55);
aWE("bracelet",585,579);
aWE("bracket",0,220,436,227);
aWE("break",421,667);
aWE("bridg",588,623);
aWE("brief",2);
aWE("bright",596,577,563,537,640);
aWE("bronz",510,559);
aWE("brown",295,4);
aWE("brows",312,594,532,553,576,536,562,425,222);
aWE("brush",343);
aWE("bu",627);
aWE("buf",119,129,218);
aWE("buffer",297);
aWE("bug",67);
aWE("build",64,0,518,528,522,523,524,313,67);
aWE("built",563,537);
aWE("bulb",354,672);
aWE("bullet",65);
aWE("busines",64);
aWE("button",230,18,510,513,233,613,614,68,518,528,519,520,521,610,522,523,524,525,526,527,611,612,599,24,17,92,27,271,28,274,29,677,678,679,680,681,682,683,684,685,32,287,291,292,294,108,33,34,308,647,35,601,603,317,318,319,320,322,323,324,325,327,328,266,329,330,332,333,122,538,565,578,597,594,532,553,576,533,555,556,557,558,559,560,534,561,535,536,562,596,577,563,537,564,336,65,131,342,58,59,343,8,344,650,345,346,349,351,605,352,134,135,354,634,651,652,606,602,604,600,609,357,218,358,139,140,141,142,607,572,548,622,573,588,366,43,658,45,617,368,150,369,370,371,372,374,376,378,379,380,381,395,153,46,399,400,402,404,405,406,407,408,47,411,296,412,413,414,415,416,417,418,419,295,421,422,425,4,618,539,566,430,433,434,160,435,436,48,50,456,457,222,168,171,460,61,664,619,620,665,465,466,474,183,185,187,188,189,190,667,226,517,201,487,488,669,495,53,672,673,674,67,505,506,507,509);
aWE("buttonextension",677);
aWE("byt",639);
aWE("c",541,510,512,19,599,84,262,101,115,116,117,118,533,535,537,130,131,132,342,5,1,651,358,2,548,531,623,153,154,224,639,169,170,172,664,667,540,671,55);
aWE("c160",531,540);
aWE("c3",19);
aWE("c4",19);
aWE("c40",531,540);
aWE("c5",19);
aWE("c6",19);
aWE("c65",19);
aWE("c80",531,540);
aWE("cabl",599,601,603,629,569,587,621,548,622,573,588,626,627,550,592,540,628,642,581,598);
aWE("cableprovid",581);
aWE("cach",297);
aWE("cad",230,70,87,17,293,303,686,266,329,131,7,41,8,344,346,357,218,359,364,395,396,400,224,689,691,433,438,454,225,481,482,671,495,26,672,67);
aWE("cal",70,56,68,599,17,261,271,677,678,679,680,681,683,684,685,286,289,686,317,318,319,320,322,323,324,325,38,39,558,563,124,649,1,343,344,347,351,60,218,358,359,360,139,140,141,142,2,379,689,297,298,691,431,433,435,444,443,445,446,449,448,447,457,169,170,664,465,194,15,476,223,226,484,550,592,540,668,16,641,694,671,491,672,67);
aWE("cal32asc",601);
aWE("calculat",513,236,72,528,523,612,89,17,29,677,681,684,685,277,276,312,317,318,319,321,322,325,563,1,345,651,606,609,218,363,2,379,382,529,400,404,416,297,433,663,226,517,203,668,694,67);
aWE("calculation",92,329,1,41,2,397,67);
aWE("calibrat",512,246,245,613,614,603,552,558,630,651,652,600,609,409,664,668,608);
aWE("calibration",582,567,541,632,512,513,633,524,545,603,552,594,532,553,576,555,557,558,596,577,563,537,602,604,600,609,607,622,637,631,688,551,618,550,592,540,668,608,643,67);
aWE("calip",510,601,556,602,621);
aWE("call",230,243,237,238,239,240,241,242,247,249,250,252,68,256,644,271,28,274,29,277,276,278,279,286,290,293,302,646,312,37,317,318,319,327,331,555,41,8,345,350,352,353,634,651,652,600,219,359,366,44,45,368,46,401,402,403,295,421,422,430,431,436,452,455,457,222,619,225,466,467,471,483,201,485,641,671,228,494,495,498,67);
aWE("cam2",338,395,67);
aWE("camera",512,595,533,554,67);
aWE("cancel",230,614,92,267,275,29,558,536,562,344,650,651,357,607,430,667,496);
aWE("cancelbutton",259);
aWE("cannot",510,518,519,520,521,522,523,525,526,527,17,646,315,630,687,623,385,224,401,689,664,15,227,641,493);
aWE("cap",253,82,342,218,656,691,667,67);
aWE("capabiliti",7);
aWE("capability",513);
aWE("caption",677,678,679,681,683,684,685);
aWE("captionprompt",201);
aWE("captur",582,567,541,229,510,632,513,613,614,518,528,519,520,521,610,522,523,524,525,526,527,611,612,92,267,676,275,29,677,678,679,680,681,682,683,684,685,686,266,329,595,533,554,557,558,560,534,536,562,596,577,563,537,59,8,650,346,630,606,602,609,621,218,139,140,141,142,607,617,379,529,224,403,417,418,419,420,690,436,440,692,663,664,619,620,666,471,474,191,478,226,517,693,640,668,669,671,672,67,581);
aWE("car",230,510,613,585,599,256,601,603,607,548,573,588,615,616,617,620,593,579,67);
aWE("card",585,548,573,588,623,631,415,297,627,579,592,67,598);
aWE("cardbu",631);
aWE("careful",259,616,225);
aWE("carri",512,513,249,287,333,656,3,692);
aWE("carry",2);
aWE("cas",512,0,21,250,518,528,519,520,521,522,523,525,526,527,260,17,90,91,93,94,96,97,98,99,100,514,274,29,680,681,292,109,647,686,316,317,318,319,515,326,266,329,330,269,558,536,562,596,577,563,537,65,1,41,344,650,346,347,60,621,357,220,139,140,141,363,607,635,370,373,374,375,376,377,378,379,529,387,152,388,395,396,397,398,400,516,224,402,420,4,618,433,457,222,464,194,223,477,227,484,627,496,54,63,501,502,67,55);
aWE("cascad",254,342,675);
aWE("catia",131,395,67);
aWE("catpart",131,395);
aWE("catproduct",131,395);
aWE("caus",64,230,632,246,245,244,250,252,286,630,621,358,361,362,635,387,388,389,390,391,392,393,394,636,466,474,477,627,671,67,675);
aWE("caviti",591);
aWE("cbregedit",623);
aWE("ccd",620);
aWE("ccs",230,496,206);
aWE("cd",548,573,588,623,631);
aWE("cell",222);
aWE("cent",684,352,416,431,67,55);
aWE("center",684,4);
aWE("centigrad",416);
aWE("centimet",313);
aWE("centr",0,528,519,520,521,523,525,526,527,90,94,97,99,100,271,676,677,678,682,683,684,685,287,308,313,317,318,319,322,324,325,328,268,333,346,352,617,369,370,373,374,375,376,377,378,379,382,383,529,516,404,411,416,420,690,431,433,434,50,457,461,620,694,54,67,55);
aWE("central",29,58,617,376);
aWE("centre1",352);
aWE("centre2",352);
aWE("centre3",352);
aWE("certain",510,513,611,612,277,276,266,538,565,578,597,339,340,346,548,573,588,616,61,664,619,67);
aWE("certifi",510,511,632,512,513,109,322,533,560,534,561,535,596,577,563,537,609,516,428,618,194,67);
aWE("certification",511,512,513,514,515,557,637,516,517);
aWE("certify",513,517);
aWE("chain",250,252);
aWE("chalk",616);
aWE("chang",64,230,70,510,511,512,513,23,246,245,244,614,250,252,259,260,17,271,272,29,677,678,679,680,681,682,683,684,685,287,289,290,33,34,647,326,327,38,266,329,333,594,532,553,576,533,556,557,558,559,560,534,561,535,536,562,596,577,563,537,564,131,6,58,41,343,344,650,345,346,351,352,354,355,621,357,218,358,359,656,607,531,549,623,365,367,366,658,369,371,372,374,376,378,380,381,382,385,387,13,400,631,405,416,295,421,297,422,425,428,433,436,625,450,222,61,225,665,475,194,15,195,667,227,484,640,671,496,53,54,672,67,675,55);
aWE("channel",574,589,625);
aWE("chapt",219,400);
aWE("chapter",650);
aWE("charact",339,340,416,227,55);
aWE("character",229,292,224,416,667,227,55);
aWE("characteristic",1,62);
aWE("charg",64,592);
aWE("chart",20,4);
aWE("check",230,510,511,512,513,613,614,633,519,520,521,610,522,523,524,527,611,612,599,17,92,514,29,36,603,316,321,322,515,327,38,558,559,536,562,596,577,563,41,606,602,604,621,363,622,623,365,367,366,341,617,386,397,637,516,402,624,638,688,410,417,419,295,421,297,298,422,424,425,427,50,461,620,465,466,474,626,667,517,627,668,16,608,628,492,493,501,502,67);
aWE("checkbox",265,230,329,533,557,560,534,561,535,536,562,596,577,563,537,345,604,378,420,50,664,473,670);
aWE("choic",309,266,329,650,346,374,437,67);
aWE("choos",265,230,510,68,24,259,17,677,678,679,680,681,682,683,684,685,312,38,266,329,269,123,556,558,559,561,535,536,562,41,8,650,346,609,359,140,655,145,369,370,371,372,374,376,378,380,381,382,400,403,425,426,427,428,433,437,50,222,460,664,468,671,26,67);
aWE("chordal",255,342,400,661,433,459);
aWE("chos",650);
aWE("chosen",68,528,29,677,678,679,680,681,683,684,685,33,115,316,317,266,329,41,346,605,609,140,372,409,295,425,428,539,566,180,466,468,666,671);
aWE("chou",19);
aWE("chrom",295);
aWE("cimcor",510,513,599,514,515,555,559,596,577,563,542,583,571,651,600,621,573,588,516,631,664,550,592,540,67,598);
aWE("circl",231,243,73,518,519,525,526,17,90,93,94,97,99,100,271,274,103,645,676,677,678,679,680,681,682,683,684,308,313,317,328,266,329,342,59,343,650,346,352,218,360,654,141,341,146,369,370,372,373,374,375,376,377,378,379,382,383,411,417,418,419,420,295,431,433,434,163,453,456,664,667,480,517,669,694,671,228,672,67);
aWE("circle_nam",313);
aWE("circuit",599,627);
aWE("circular",243,519,308,616,529,420,433,667);
aWE("circumferenc",313,419);
aWE("citrix",639);
aWE("clamp",573,588);
aWE("clas",531,549);
aWE("classify",1);
aWE("clay",615,295);
aWE("clean",336);
aWE("clear",243,256,28,342,621,358,657,397,398,425,50,671,67);
aWE("click",56,68,599,24,17,644,271,272,28,274,677,678,679,680,681,683,684,685,280,281,282,283,284,285,287,33,34,647,312,37,601,648,38,266,329,333,530,546,586,568,569,587,538,565,578,597,555,556,557,558,559,536,562,596,577,563,537,65,58,41,344,346,351,605,60,352,354,634,609,357,653,654,656,548,573,588,623,657,43,658,44,45,46,659,660,402,631,403,404,405,406,407,661,296,412,413,414,415,416,417,295,618,441,442,49,446,50,61,664,468,666,473,667,669,670,671,495,500,672,673,674,67,55);
aWE("client",109,50,67);
aWE("clip",614,580);
aWE("clipboard",262,101,264,273,102,646,218,657,157,401,225,671);
aWE("clock",0,2,4);
aWE("clockwis",268,59,456,458,665,669);
aWE("clos",230,233,243,599,257,83,258,84,85,24,259,514,274,29,108,109,34,310,35,114,648,317,318,319,320,323,324,325,326,328,266,329,552,336,342,41,650,346,634,218,548,573,588,394,400,404,405,407,411,418,421,425,4,430,433,436,440,664,225,465,466,473,474,667,227,517,201,693,674,503,67,675,581,598);
aWE("closefil",84,218,224,225);
aWE("closenoprompt",85,218);
aWE("closest",271,36,37,591,376,379,421,457);
aWE("cloud",69,230,614,260,270,271,29,277,276,105,106,287,646,308,686,312,313,317,318,319,320,323,324,325,328,333,130,339,340,132,7,630,352,218,360,654,656,388,389,390,391,395,153,154,688,411,295,690,431,434,436,662,442,445,446,461,663,465,693,671,228,212,501,502,67);
aWE("clr",295);
aWE("cmdnam",124);
aWE("cmm",512,605,631);
aWE("co",265,229,230,510,512,234,235,71,246,245,244,250,528,519,520,521,523,524,527,611,92,95,100,676,29,677,678,679,680,681,682,683,684,685,277,276,105,106,287,290,292,646,34,686,36,313,37,317,318,320,322,323,324,325,327,39,266,329,330,268,269,123,559,338,339,340,650,346,630,352,218,654,364,145,365,367,366,617,370,373,375,377,378,379,383,529,400,404,405,407,422,423,690,431,433,453,457,461,174,664,465,666,608,669,694,671,492,499,211,673,67);
aWE("coars",457);
aWE("cod",19,20,599,623,227,54,55);
aWE("coherent",363);
aWE("coincid",346,351,2,373,375,377,436,457);
aWE("collaps",384,429);
aWE("collect",614,518,528,519,520,521,522,523,524,525,526,527,28,609,617,50);
aWE("collinear",377);
aWE("collision",620);
aWE("colon",0);
aWE("color",20,38,478,54,55);
aWE("colour",513,0,20,24,25,17,677,678,679,680,681,682,683,684,685,289,290,294,313,329,558,536,562,596,577,563,537,65,342,5,1,6,58,59,41,8,650,345,60,352,12,42,609,621,359,360,2,687,366,616,397,398,46,400,224,295,421,4,618,433,50,692,61,664,466,15,478,517,671,26,62,695,67,55);
aWE("colour1",24);
aWE("colour2",24);
aWE("colour3",24);
aWE("colour4",24);
aWE("colourful",67);
aWE("colouringin",25);
aWE("column",28,36,313,37,39,1,47,50,222,55);
aWE("com",64,109,558,605,606,2,548,573,588,631,452,226,517,669,54,67,55);
aWE("com1",621);
aWE("comand",663);
aWE("combin",259,260,86,270,303,646,342,8,218,454,482,483,671,499);
aWE("combination",513,263,273,559,563,621,615,401,688,444,449,451,667,671,674);
aWE("combinebutton",259);
aWE("combineselentiti",86,218);
aWE("comcor",664);
aWE("comfortab",511);
aWE("comma",36,313,37,416,227);
aWE("command",9,265,69,229,230,231,232,18,70,510,513,56,10,233,234,235,71,236,72,21,22,243,237,238,239,240,241,242,23,73,74,75,76,77,78,79,80,246,245,244,247,81,248,614,249,250,251,252,253,82,518,528,519,520,521,610,522,523,524,525,526,527,611,612,254,255,256,257,83,258,84,25,259,260,86,87,88,89,17,90,91,93,94,95,96,97,98,99,100,261,644,262,101,264,263,267,270,27,271,272,28,273,102,274,103,645,275,104,29,277,276,105,106,278,107,279,30,280,281,282,31,283,284,285,32,286,287,289,290,288,291,292,293,294,300,301,108,109,302,110,303,304,305,306,307,646,33,34,308,221,309,111,112,310,113,311,35,114,312,115,36,37,116,117,118,314,315,119,648,11,316,120,317,318,319,320,321,322,323,324,325,326,327,38,39,328,266,329,330,268,269,331,121,332,333,122,123,538,565,578,597,556,124,649,334,335,125,126,127,128,336,337,129,65,130,131,338,339,340,132,342,5,40,7,41,343,8,344,345,346,347,348,349,350,133,351,630,60,352,12,134,135,42,136,353,354,355,356,137,651,652,138,357,218,219,358,220,359,360,653,654,139,140,141,142,361,362,655,363,143,656,144,364,145,548,573,588,365,367,366,341,146,657,43,44,45,147,148,149,368,150,369,370,371,372,373,374,375,376,377,378,379,380,381,382,383,151,384,385,386,387,152,388,389,390,391,392,393,394,395,153,396,154,397,398,155,156,46,13,399,400,224,157,401,402,403,404,405,406,407,408,47,409,410,411,661,296,415,417,297,298,299,425,429,690,430,431,432,433,434,158,159,160,435,436,662,48,438,439,440,441,442,49,444,443,445,446,449,448,447,450,161,451,162,50,14,452,163,453,454,164,455,165,166,167,456,457,458,222,168,169,170,459,171,460,172,461,174,692,663,664,175,176,225,177,178,179,180,181,182,462,463,464,465,466,467,468,666,469,470,471,472,473,474,183,184,185,186,187,188,189,190,191,192,193,475,194,15,195,667,476,223,51,52,196,197,477,198,478,479,480,481,226,227,517,482,483,199,200,201,693,484,202,485,486,203,668,16,487,488,489,669,694,671,490,204,491,228,492,493,205,494,495,496,206,207,497,208,498,210,499,53,211,26,500,672,673,674,695,580,212,501,502,503,213,67,675,504,505,506,507,508,509,214,215,216,217);
aWE("command1",201);
aWE("command2",201);
aWE("commandlinelog",657);
aWE("commenc",616,617);
aWE("comment",221,313,430,225,227);
aWE("common",525,645,686,313,648,536,562,7,634,374,375,377,378,379,13,660,400,406,689,431,436,627,669,671,642,643,228,55);
aWE("communicat",599,219);
aWE("communication",599,601,556,621,622,226,67,598);
aWE("compact",572,580);
aWE("company",4,50,641,55);
aWE("compar",18,21,237,238,239,240,241,242,250,252,87,17,29,533,554,1,6,7,58,41,218,395,396,516,4,691,48,180,466,666,26,62,63);
aWE("comparabl",1);
aWE("comparelast",88,218);
aWE("comparetpt",89,218);
aWE("comparison",0,87,88,89,17,36,116,6,7,58,41,8,42,218,359,4,15,671,26,67);
aWE("compatibility",542,583,571,67);
aWE("compatibl",601,583,631,222,67);
aWE("compensat",518,528,525,526,139,140,664,67);
aWE("compensation",140,141,420,67);
aWE("complet",511,513,614,599,676,603,41,8,606,602,604,600,363,607,548,573,588,631,437,664,620,225,517,608,55);
aWE("complete",650,630,517);
aWE("complex",595,533,554,621,2,67);
aWE("compli",2);
aWE("complianc",4);
aWE("compliant",55);
aWE("complicat",363,195);
aWE("component",0,585,599,327,569,587,8,650,573,588,623,579,550,592,540,581,598);
aWE("compound",260,270,287,646,308,313,327,328,333,352,411,434,465,666);
aWE("compris",550,592,540);
aWE("comput",599,514,515,66,218,623,400,631,415,433,180,466,666,641,67);
aWE("computer",631);
aWE("comuserv",55);
aWE("con",582,567,541,231,237,74,613,518,519,520,525,526,90,91,93,94,96,97,98,99,100,543,544,645,676,677,678,679,680,681,683,684,308,686,313,545,318,342,650,352,606,609,218,360,654,616,617,371,378,417,418,419,295,551,431,163,664,620,667,480,550,592,540,228,672,67);
aWE("concatenat",224);
aWE("concatenation",224);
aWE("concav",326,348);
aWE("concentric",374);
aWE("concern",24,594,532,553,576,560,534,658,402,67);
aWE("conclusion",50);
aWE("condition",109,595,533,554,609,470,517);
aWE("conditionnumb",109);
aWE("conduct",599);
aWE("cone_nam",313);
aWE("configur",538,565,578,597,548,573,588,61,664,608,67);
aWE("configuration",599,601,557,621,548,573,588,412,413,414,608,67);
aWE("confirm",68,599,17,279,286,33,312,594,532,553,576,533,558,560,534,561,535,536,562,596,577,563,537,651,606,667,517,26);
aWE("confirmation",452);
aWE("conformant",222);
aWE("conformiti",67);
aWE("confus",473);
aWE("conical",237,520,543,606);
aWE("connect",21,22,599,25,267,287,289,601,603,555,556,557,558,559,596,563,344,351,630,621,687,607,548,574,589,573,588,366,374,375,376,379,688,689,440,443,447,167,466,626,627,668,16,671,674,67,581,598);
aWE("connection",21,585,599,629,569,587,559,630,621,548,623,374,437,626,627,579,628,642,67,581,598);
aWE("connector",599,574,589,573,588,598);
aWE("consecutiv",614,313);
aWE("consecutive",519,520,521,525,526);
aWE("consequent",609);
aWE("consequential",64);
aWE("consid",230,603,620);
aWE("considerab",297,67);
aWE("consideration",620);
aWE("consist",599,287,308,647,686,328,333,530,546,586,568,569,587,352,609,687,688,411,434,440,692,464,666,550,592,540,669,54,673,55);
aWE("consistent",614,67);
aWE("consortium",55);
aWE("constant",616,299,433);
aWE("constrain",677,685,329,342,655,694,67);
aWE("construct",265,518,522,523,94,330,372,374,376,377,492,672,67);
aWE("construct_line_2point",90,218);
aWE("construct_line_entity",91,218);
aWE("construct_npoints_interactiv",92,218);
aWE("construct_plane_entity",93,218);
aWE("construct_plane_pointsandoffset",94,218);
aWE("construct_point",95,218,224);
aWE("construct_point_2lin",96,218);
aWE("construct_point_entity",97,218);
aWE("construct_point_pointonlin",98,218);
aWE("construct_point_projection",99,218);
aWE("construct_transformation_321",100,218,224);
aWE("construction",90,91,93,94,96,97,98,99,100,677,678,679,680,681,682,683,684,685,686,650,218,369,371,372,374,376,378,380,381,382,689,295,67);
aWE("contact",511,632,599,564,621,573,588,637,631,641,67);
aWE("contain",64,510,56,243,599,24,17,270,28,29,286,301,310,647,686,36,313,37,314,648,11,322,266,329,330,556,557,596,577,563,537,335,65,40,1,343,344,650,346,60,621,218,358,220,687,370,375,377,379,388,224,402,689,296,421,422,299,4,618,430,431,662,440,450,50,222,663,225,666,472,192,193,15,667,483,200,484,671,228,494,495,497,672,673,674,675,55);
aWE("content",261,28,649,65,342,1,2,657,4,222,225,667,550,592,540,54,55);
aWE("context",229,232,56,10,234,235,71,21,22,248,256,25,644,264,263,272,103,676,275,104,105,279,30,280,281,282,31,283,284,285,286,287,289,303,304,305,306,307,33,34,113,647,120,327,38,39,333,334,335,125,126,127,336,130,57,6,343,347,630,60,352,12,634,138,357,218,359,360,653,654,656,365,367,366,341,146,657,658,147,148,149,384,386,388,389,390,391,392,393,394,399,400,299,429,430,431,432,158,441,442,444,443,445,446,449,448,447,161,162,163,453,165,166,167,456,177,462,463,468,469,184,475,667,476,223,196,197,198,479,480,199,484,202,203,489,669,670,671,228,496,206,207,497,208,499,211,500,672,673,62,674,63,695,212,213,67,504,505,506,507,508,509,214,215,216,217);
aWE("continu",510,518,528,519,520,521,522,523,524,525,526,527,28,536,562,651,609,139,140,141,142,658,617,399,224,419,456,67);
aWE("continuou",514,515,400,516,433);
aWE("continuous",512);
aWE("contour",243,73,316);
aWE("contrast",243,244,8,359,360,410,463,469,671,228,672);
aWE("control",582,567,614,519,520,521,523,525,526,527,599,17,29,677,678,679,680,681,683,684,685,310,601,570,547,533,554,555,557,558,536,562,596,577,563,537,58,605,634,621,572,548,574,589,573,588,415,416,4,625,664,579,670,580,67,581,598);
aWE("convenienc",338);
aWE("convenient",616);
aWE("convention",103,126,127,65,66,138,219,146,163,225,184,186,197,228,206,208,209);
aWE("conversion",599);
aWE("convert",230,312,115,648,218,410,691,440,692,501,502,67);
aWE("convex",326,348);
aWE("coord",313);
aWE("coordfram",100,123,224);
aWE("coordinat",96,98,99,109,329,1,650,621,2,382,4,185,189,226,67,55);
aWE("cop",295);
aWE("copi",633,262,101,264,646,218,657,401,404,405,407,430,431,671,675);
aWE("copy",262,101,264,263,270,273,646,594,532,553,576,536,562,336,342,218,365,341,657,151,386,659,436,620,225,667,671,67);
aWE("copyoffilenam",218,173);
aWE("copyright",64,66,55);
aWE("cord",599);
aWE("corn",511,0,238,250,252,525,599,90,94,97,99,100,514,352,428,4,434,436,665,673,55);
aWE("corner",218,656,403,450,161);
aWE("correct",510,632,512,513,613,614,633,68,528,519,520,521,523,527,599,601,326,329,558,559,1,606,602,609,621,2,607,622,591,617,529,436,625,620,227,517,485,669,628,494,495,67);
aWE("correction",650);
aWE("correspond",94,98,293,221,321,327,330,536,562,596,577,563,537,1,8,605,220,376,377,395,400,402,403,427,4,222,461,692,693,670,671,228,672,67,675);
aWE("correspondenc",22,92,677,685,266,329,268,269,557,346,403,694,67);
aWE("correspondent",21,92,266,329,269,650,346,660,400,224,428,691,433);
aWE("corrosion",0,1,2,657,3,4);
aWE("could",229,230,242,17,90,91,93,94,96,97,98,99,100,543,109,313,316,558,596,577,563,1,609,139,140,141,142,2,607,395,396,4,438,50,225,201,484,694);
aWE("count",0,249,104,29,268,59,410,456,458,665,517,486,669);
aWE("counterbalanc",616);
aWE("counterpart",345);
aWE("countri",64);
aWE("cours",631);
aWE("cov",316,573,588,620,485);
aWE("cover",308,328,2,548,573,588,411,434);
aWE("coverag",664);
aWE("cpu",624,631,67);
aWE("crack",316,485);
aWE("crat",655);
aWE("creat",9,69,10,243,237,238,239,240,241,242,73,74,75,76,77,78,79,614,518,528,519,520,521,522,523,524,525,526,527,24,259,90,91,92,93,94,95,96,97,98,99,100,262,263,267,270,27,271,272,28,273,102,274,645,676,275,29,677,678,679,680,681,682,683,684,685,277,276,105,106,30,31,287,646,33,34,221,686,313,314,648,317,318,319,320,321,322,323,324,325,38,266,329,330,268,269,333,560,534,536,562,336,130,339,340,132,342,5,40,1,6,7,58,59,344,650,346,60,352,12,218,653,139,140,141,142,655,363,2,656,364,365,341,146,368,369,370,371,372,373,374,375,376,377,378,379,380,381,382,383,151,386,46,13,400,401,403,661,415,417,421,4,691,618,539,566,430,432,433,49,50,163,664,666,470,473,667,51,52,477,198,478,481,482,669,694,671,490,204,492,672,212,501,502,67,55);
aWE("createlabel",34);
aWE("creation",92,29,266,41,8,650,346,655,369,370,371,372,374,376,378,379,380,381,382,403,661,418,618,228,67);
aWE("criteria",37,376,410,50,67);
aWE("critical",246,245,244,361,362);
aWE("crop",2);
aWE("cros",525,17,96,271,29,303,304,333,342,58,59,344,351,376,378,379,397,398,400,689,661,433,470,671,495,67);
aWE("crtl",349);
aWE("crv",227);
aWE("crvbas",120,224,222,223);
aWE("cs",230,248,256,17,264,263,677,678,679,680,681,683,684,292,686,313,336,342,357,364,365,367,384,429,431,694,671,496,499,211,67);
aWE("css3",20);
aWE("csv",312,115,36,313,37,116,117,118,11,130,339,340,132,1,218,656,416,67);
aWE("cta",312,115,395,396);
aWE("ctrl",510,513,233,243,237,238,239,240,241,242,73,74,75,76,77,78,79,245,249,262,101,272,273,102,274,104,29,32,287,308,310,113,312,315,119,316,120,328,337,129,131,344,352,357,149,368,150,395,153,396,154,659,660,157,401,406,408,410,411,434,451,162,171,460,664,619,177,463,464,666,469,183,188,189,190,667,477,198,202,485,486,203,487,488,669,671,493,205,207,503,213,67);
aWE("cub",69,510,218,363,656,46,663,212,501,502);
aWE("cubic",69,218,656,663,212,501,502);
aWE("cup",599);
aWE("curl",67);
aWE("current",9,230,18,510,56,10,233,21,23,80,248,68,610,611,256,257,83,84,85,24,17,264,263,270,27,271,272,28,104,29,677,678,679,680,681,682,683,684,685,30,31,283,284,285,292,294,646,308,686,114,312,115,313,37,118,648,11,317,318,319,320,323,324,325,327,38,39,328,266,329,333,594,532,553,576,557,558,559,560,534,561,536,562,596,577,563,537,336,337,129,65,338,342,5,1,7,58,59,343,344,650,346,66,351,60,12,42,651,609,621,357,218,358,653,655,363,607,364,145,365,367,366,657,658,369,371,372,374,376,378,380,381,382,384,393,394,395,396,154,397,46,13,660,400,224,405,406,407,408,409,410,411,412,413,414,418,419,295,299,424,425,428,429,618,539,566,430,431,433,434,48,446,50,457,222,168,171,460,172,173,461,61,664,225,465,666,474,183,189,190,475,194,15,195,667,51,52,478,226,517,668,16,487,488,489,669,694,671,493,496,499,53,211,26,672,673,674,67,675,55);
aWE("currentc",313);
aWE("cursor",29,677,678,679,680,681,682,683,684,685,287,292,33,34,333,343,351,352,658,399,47,456);
aWE("curv",246,245,519,520,521,527,115,316,218,656,529,158,180,466,666,227);
aWE("curvatur",246,245,244,316,120,342,343,345,218,363,143,656,385,409,410,691,158,180,466,666,486);
aWE("custom",231,272,28,266,329,538,565,578,597,560,534,561,536,562,342,5,1,6,343,346,218,358,363,366,43,388,392,393,394,224,631,295,421,297,299,428,4,618,14,458,222,225,475,667,227,201,228,54,500,672,674,67,55);
aWE("customis",0,289,292,58,59,343,358,46,412,413,414,416,4,222,67,55);
aWE("customisabl",358,67);
aWE("customisation",0,664,667,672);
aWE("customiz",38,39,6,7,415,426);
aWE("cut",262,270,273,102,274,103,646,342,59,344,218,656,400,401,661,691,436,667,671,503,67);
aWE("cutmesh",103,218);
aWE("cx",352);
aWE("cy",352);
aWE("cyan",360,295,618);
aWE("cycl",67);
aWE("cylind",231,238,75,521,17,90,91,93,94,96,97,98,99,100,274,645,676,677,678,679,680,681,683,684,313,319,266,342,650,352,218,360,654,139,140,141,2,370,372,373,375,377,378,379,529,417,418,419,295,431,163,453,664,667,480,671,228,672,67);
aWE("cylinder",238,75,518,519,521,525,526,274,103,645,679,308,328,218,375,377,379,411,295,434,671,228,67);
aWE("cylinder_nam",313);
aWE("cylindrical",238,521);
aWE("cz",352);
aWE("d",19,599,17,104,302,110,34,39,122,569,533,554,561,562,596,577,563,537,342,5,651,548,622,574,589,573,549,631,410,664,225,667,517,550,672,67,581);
aWE("d100",549,550,67);
aWE("d2",622);
aWE("d200",549,550,67);
aWE("d50",549,550,67);
aWE("damag",64,585,599,579);
aWE("dangerou",256);
aWE("dark",595,533,554,596,577,563,537,360,366,295,421,4,61,664);
aWE("dash",0,677,678,679,681,683,684,59,456,669);
aWE("dat",64,0,221,313,557,596,577,563,537,430,50,227,671,54,55);
aWE("data",69,582,567,541,229,230,510,512,513,236,72,246,245,244,613,614,249,519,520,521,523,525,526,527,599,260,17,262,514,270,271,28,273,676,104,677,678,679,681,683,684,685,277,276,106,278,287,293,303,646,308,309,647,686,312,115,36,313,37,315,119,648,316,120,317,318,319,320,321,322,323,324,325,515,326,328,330,332,333,552,595,533,554,556,558,560,534,561,535,536,562,596,577,563,537,129,339,340,132,342,1,7,59,41,8,344,345,66,348,352,42,356,137,606,609,621,357,218,359,360,654,361,362,363,143,2,687,656,635,617,385,387,152,388,389,390,391,392,393,394,395,396,397,398,156,659,637,3,400,157,401,638,631,408,688,409,410,411,661,416,418,295,425,428,4,690,691,430,431,433,434,159,436,662,442,444,443,445,446,449,448,447,50,454,168,461,692,663,61,664,619,620,175,176,225,179,181,182,464,465,466,467,666,470,471,472,473,474,187,191,193,15,667,226,227,517,483,200,693,484,485,579,640,668,608,489,669,671,490,204,643,228,493,205,208,26,672,673,674,695,212,501,502,67,581,598,504,505,507,508,509,214,215,216,217);
aWE("data1",84,115,153,154,172);
aWE("datan",673);
aWE("dataset",363,67);
aWE("dataxx",648,368);
aWE("date_hour",221);
aWE("datum",265,582,567,541,231,232,243,237,238,239,240,241,242,73,74,75,76,77,78,79,613,518,528,519,520,521,522,523,524,525,526,527,260,87,17,90,91,92,93,94,95,96,97,98,99,271,274,543,544,645,676,29,677,678,679,680,681,682,683,684,685,282,285,287,308,647,686,312,115,313,317,318,319,320,323,324,325,328,266,329,330,268,333,7,41,8,650,346,352,357,218,360,653,654,139,140,141,142,2,341,146,616,617,369,370,371,372,373,374,375,376,377,378,379,380,381,382,383,386,153,154,660,400,224,688,411,412,417,418,419,420,295,431,432,433,434,441,442,163,453,457,664,620,465,468,667,479,480,550,592,540,671,228,672,674,67);
aWE("db9",598);
aWE("de",468);
aWE("deactivat",229,275,677,685,342,664,619);
aWE("deactivation",67);
aWE("deal",687,656,691,228);
aWE("debounc",558);
aWE("dec",623);
aWE("decemb",221);
aWE("deci",416);
aWE("decid",218,180,466,666,67);
aWE("decimal",36,313,37,39,416,421,422,423,227,67,55);
aWE("decimat",249,104,316,218,410,222,485,486,203);
aWE("decimation",249,104,143,410,67);
aWE("decimet",313);
aWE("decision",109);
aWE("decreas",243,237,238,239,240,241,242,104,656,367,341,146,529,410,163,461,671);
aWE("decsription",315);
aWE("deep",1);
aWE("deepest",0,4);
aWE("default",265,230,510,0,236,22,243,237,238,239,240,241,242,246,245,244,247,249,255,24,259,87,17,90,91,93,94,95,96,97,98,100,27,271,274,29,677,678,679,680,681,682,683,684,685,277,276,32,287,289,291,294,108,109,302,305,221,309,310,316,326,327,266,329,268,331,333,533,554,556,557,560,534,561,535,536,562,596,577,563,537,124,336,1,58,41,343,8,650,345,346,350,352,353,354,355,356,652,220,359,360,139,140,141,142,361,362,363,2,366,657,43,658,369,370,371,372,373,374,375,376,377,378,379,380,381,382,383,385,386,387,391,392,395,397,398,660,400,631,410,411,412,413,414,416,417,418,419,420,295,421,297,298,422,299,424,426,427,428,4,430,433,439,440,451,50,455,222,459,664,665,466,467,470,472,473,194,667,517,201,484,668,694,671,490,492,493,494,498,62,674,501,502,503,67,509);
aWE("defect",64,0,316,4);
aWE("defectiv",64);
aWE("defin",9,265,230,18,510,19,235,71,518,528,519,525,526,255,24,17,90,100,28,274,103,676,29,677,678,679,680,681,682,683,684,685,277,276,105,106,292,108,109,36,313,37,266,329,268,269,333,557,558,561,535,339,340,342,5,1,58,59,41,343,344,650,345,346,609,138,218,358,2,687,656,366,43,369,370,371,372,373,374,375,376,377,378,379,380,381,382,383,385,400,403,404,47,409,689,416,417,418,419,420,295,421,426,428,4,691,433,48,50,457,663,619,465,195,667,227,201,694,671,492,206,67,55);
aWE("definition",0,518,528,519,525,526,91,93,95,97,99,274,29,677,678,679,680,681,682,683,684,685,266,329,333,65,650,346,139,140,141,369,371,372,374,376,378,380,381,382,383,417,67,55);
aWE("deflat",519,520,521,527,141);
aWE("defmeshgrid",105,218);
aWE("defscangrid",106,218);
aWE("deg",2,299,428);
aWE("degre",510,513,80,246,245,614,249,514,277,276,313,515,268,560,534,345,350,133,606,602,604,600,609,218,2,588,365,367,385,516,416,299,433,439,166,457,458,467,472,517,486,203,608,672,67,55);
aWE("del",278,107,667);
aWE("delay",677,678,679,680,681,682,683,684,685,266,329,558,650,346,621,67);
aWE("delcam",338,395,67);
aWE("delet",513,56,10,614,249,518,528,519,520,521,522,523,524,525,526,527,24,514,271,272,273,102,274,103,29,278,107,279,30,280,281,282,31,283,284,285,32,286,287,646,33,34,221,314,322,515,266,329,333,558,536,562,342,5,58,59,346,60,352,12,42,609,218,358,653,654,656,13,400,516,403,419,295,539,566,433,436,48,440,441,50,222,664,471,667,671,26,67);
aWE("deletelabel",34);
aWE("deletion",333,639);
aWE("delicat",620);
aWE("deliver",605,607);
aWE("demonstration",67);
aWE("denot",684,294,574,589);
aWE("dens",614,686);
aWE("density",619,620);
aWE("depend",510,511,512,513,234,235,614,518,519,520,521,523,525,526,527,17,99,514,274,104,287,294,109,308,647,603,515,328,266,329,333,556,561,535,563,59,343,650,346,352,651,606,139,140,141,142,2,588,366,658,617,374,375,376,378,387,388,392,394,636,660,400,516,224,405,411,420,426,4,434,443,222,664,666,667,517,550,592,540,668,16,669,671,228,673,674,67,55);
aWE("dependent",420);
aWE("depres",610,611,563,664);
aWE("depth",519,525,526,677,683,684,333,563,1,590,531,549,575,418,420,4);
aWE("deriv",647,671);
aWE("describ",511,512,0,645,686,65,339,340,6,8,345,66,352,622,615,617,385,637,4,158,195,608,55);
aWE("description",9,265,69,582,567,541,229,230,231,232,18,70,510,512,513,10,0,233,234,235,71,236,72,21,22,243,237,238,239,240,241,242,23,73,74,75,76,77,78,79,80,246,245,244,81,248,613,249,584,250,251,252,585,253,82,518,528,519,520,521,610,522,523,524,525,526,527,611,612,254,255,256,257,83,258,84,85,25,259,260,86,87,88,89,17,90,91,92,93,94,95,96,97,98,99,100,261,262,101,264,263,514,267,270,27,271,272,28,273,102,274,103,543,544,645,676,275,104,29,277,276,105,106,278,107,279,30,280,281,282,31,283,284,285,32,286,287,289,290,288,291,292,293,294,300,301,108,109,302,110,303,304,305,306,307,646,33,34,308,221,309,111,112,310,113,647,686,311,35,114,312,115,36,313,37,116,117,118,545,314,119,648,11,316,120,317,318,319,320,321,322,323,324,325,515,326,327,38,39,328,266,329,330,268,269,331,121,332,333,122,123,530,546,586,568,569,587,570,547,538,565,578,597,552,594,532,553,576,557,559,560,534,561,535,536,562,596,577,563,537,564,124,649,334,335,125,126,127,128,336,337,129,65,130,131,338,339,340,132,40,1,58,59,41,343,344,650,345,346,66,347,348,349,350,133,351,352,12,134,135,42,136,353,354,355,356,137,652,606,602,604,600,609,138,357,358,359,360,653,654,139,140,141,142,361,362,655,363,143,2,687,656,144,572,364,145,574,589,573,588,590,531,549,575,365,367,366,341,146,657,43,44,45,147,148,149,368,150,369,370,371,372,373,374,375,376,377,378,379,380,381,382,383,151,384,385,386,529,387,152,388,389,390,391,392,393,394,395,153,396,154,397,398,155,156,46,13,399,660,400,516,157,401,402,403,404,405,408,47,688,409,410,411,689,661,296,295,429,4,551,690,430,431,432,433,434,158,159,160,435,436,662,48,438,439,440,441,442,49,444,443,445,446,449,448,447,450,161,451,162,50,14,452,163,453,454,164,165,166,167,456,457,458,222,168,169,170,459,171,460,172,173,461,174,692,663,664,175,176,177,178,179,180,181,182,462,463,464,465,466,467,468,666,469,470,471,472,473,474,183,184,185,186,187,188,189,190,191,192,193,475,194,15,195,667,476,223,51,52,196,197,477,198,478,479,480,481,226,517,482,483,199,200,201,693,484,202,485,486,203,579,668,16,641,487,488,489,669,694,671,490,204,491,492,493,205,494,495,496,206,207,497,208,209,210,499,53,211,54,26,500,672,674,580,212,501,502,503,213,675,55,504,505,506,507,508,509,214,215,216,217);
aWE("deselect",272,308,328,349,218,406,411,434,466,666,185,188,669,67);
aWE("design",613,599,645,601,603,333,6,66,606,607,572,548,574,573,588,664,67);
aWE("designat",1,220,395,226);
aWE("desir",282,285,596,577,563,537,352,354,404,405,672,55);
aWE("desirabl",310,477);
aWE("desktop",585,599,587,630,589,588,623,631,598);
aWE("despit",377,50);
aWE("desription",0);
aWE("destin",402);
aWE("destination",59,506);
aWE("destroy",501,502);
aWE("detach",397,398,50);
aWE("detail",9,510,512,10,0,246,245,614,249,518,528,519,520,521,522,523,524,525,526,527,103,645,104,29,677,678,679,680,681,683,684,685,277,276,279,286,300,646,310,648,11,266,329,269,595,554,558,559,562,649,334,335,126,127,336,7,59,41,343,8,650,345,346,66,351,12,42,354,609,138,358,653,654,655,687,656,366,146,657,369,371,372,374,376,378,380,381,382,385,388,389,390,391,396,13,400,409,410,689,661,295,299,4,691,618,431,433,662,438,14,163,454,692,663,664,619,180,462,466,666,473,184,186,15,476,197,693,484,668,16,641,669,671,206,497,208,209,26,672,674,67,675,55);
aWE("detect",614,677,678,679,680,681,683,684,685,288,310,113,317,325,533,554,556,596,577,563,537,343,650,218,363,143,656,623,418,4,430,626,482,495,67);
aWE("detection",519,520,521,523,525,526,527,677,678,679,680,681,683,684,685,596,577,563,537,1,218,656,418,450,161,61,664,67);
aWE("determin",64,510,0,614,91,94,96,98,99,100,326,1,41,139,140,141,142,144,376,377,529,153,154,409,418,61,664,620,478,490,204,494,495);
aWE("determinant",347);
aWE("determinat",17);
aWE("determination",0,617,4);
aWE("dev",109,517);
aWE("develop",548,573,588,67);
aWE("development",67);
aWE("deviat",255,333);
aWE("deviation",255,109,317,318,319,320,321,322,323,324,325,609,43,400,516,433);
aWE("devic",585,623,627,579);
aWE("diagnosi",599);
aWE("diagnostic",603,557,342,402,668,16,67);
aWE("diagram",511,512,606,220,4,14);
aWE("dialog",230,56,10,243,237,238,239,240,241,242,68,518,528,519,520,521,522,523,524,525,526,527,24,259,17,92,29,677,678,679,680,681,683,684,685,287,289,290,109,33,36,313,37,116,317,318,319,320,321,322,323,324,325,327,38,39,266,329,333,123,570,547,552,555,558,596,577,563,537,649,336,1,59,41,343,8,650,345,346,60,352,12,634,651,652,609,621,357,218,358,220,359,360,139,140,141,142,2,144,607,145,366,43,375,377,379,383,388,389,390,391,392,393,394,395,46,400,402,296,416,417,418,295,421,297,422,428,4,618,430,431,433,436,48,50,452,457,222,460,61,664,665,465,466,467,468,470,473,474,194,15,667,223,668,16,669,671,496,674,67,506);
aWE("dialogu",510,513,633,518,528,519,520,521,522,523,524,525,526,527,514,294,515,556,557,43,516,67);
aWE("diamet",510,632,0,528,519,520,521,525,527,601,556,558,559,606,602,609,517,67);
aWE("did",1);
aWE("dif",686,363,688);
aWE("differ",2);
aWE("differenc",512,262,273,326,556,1,7,346,347,385,396,404,405,418,450,62);
aWE("different",510,511,513,0,233,613,250,252,256,262,514,273,102,645,677,678,679,680,681,682,683,684,685,312,115,648,11,515,266,329,269,538,565,578,597,594,532,553,576,557,596,577,563,537,65,131,1,6,7,59,41,343,650,346,542,583,571,652,609,621,218,358,359,653,654,655,363,2,687,656,590,531,549,575,43,658,148,617,373,375,377,378,379,387,395,396,659,400,516,401,402,296,420,295,426,4,618,433,436,662,460,172,692,61,664,468,473,484,669,671,228,492,494,672,63,695,67);
aWE("differentiat",65);
aWE("difficult",513);
aWE("digit",39,570,547,564,339,340,416,421,422,423);
aWE("digital",569,574,589,573);
aWE("digitis",617);
aWE("digitiz",621);
aWE("dimension",18,510,644,280,281,283,284,287,312,313,333,559,342,606,653,654,531,549,366,421,669,67);
aWE("dimensional",599,673);
aWE("dimensionnumb",313);
aWE("direct",70,246,245,244,614,544,29,287,109,686,266,329,269,123,650,346,361,362,635,548,589,573,588,623,383,4,664,195,640,694,492,67);
aWE("direction",69,231,232,236,72,80,613,250,252,528,521,523,93,98,514,677,678,679,680,681,683,684,303,304,307,308,313,318,319,320,323,326,266,268,269,560,534,563,1,8,344,650,346,348,351,354,355,609,218,2,658,371,372,374,375,376,378,380,381,382,386,529,399,400,404,689,295,299,4,431,433,434,438,443,163,453,454,456,458,461,174,664,666,471,191,517,640,487,488,671,494,495,672,674,212,501,502,67,675);
aWE("directional",67);
aWE("directory",512,633,295,61,664);
aWE("dirnam",122);
aWE("disabl",265,510,23,250,251,252,68,17,29,290,293,300,111,112,266,329,332,558,560,534,561,535,536,562,596,577,563,41,650,346,60,218,363,2,657,639,412,413,414,419,420,297,424,427,187,15,669,672,63,67,675);
aWE("disappear",29,290,650,46,496);
aWE("disc",543,617);
aWE("discard",69,519,218,656,420,430,457,663,212);
aWE("disconnect",627);
aWE("discrepancy",2);
aWE("discret",0,24,17,8,67);
aWE("disk",594,532,553,576,573,617,631);
aWE("dismantl",548,573,588);
aWE("dispersion",43);
aWE("display",230,18,513,20,233,250,252,518,528,519,520,521,522,523,524,525,526,527,599,17,272,29,677,678,679,680,681,682,683,684,685,277,276,287,289,290,288,291,292,293,294,300,301,109,303,304,305,306,307,33,34,221,647,603,317,318,319,320,323,324,325,326,327,38,39,266,329,330,333,552,594,532,553,576,556,557,559,560,534,536,562,596,577,563,537,564,124,334,335,336,342,7,58,59,650,345,346,348,351,60,352,609,621,218,358,359,360,654,139,140,141,142,687,144,145,623,366,658,370,375,377,379,385,388,389,390,391,392,393,394,397,46,402,403,404,405,407,408,47,688,689,412,413,414,416,417,419,295,421,297,298,422,423,299,424,425,426,428,690,539,566,160,48,446,454,222,692,61,664,665,465,15,667,476,223,196,517,693,484,627,668,16,669,694,671,494,495,54,672,673,62,674,63,695,67,675,55,506);
aWE("dist",69,148,227,212);
aWE("distanc",230,510,511,632,512,513,0,236,72,614,528,523,524,525,526,87,17,94,104,29,679,684,277,276,287,36,313,37,116,318,319,320,321,322,323,324,325,39,333,560,534,561,535,131,339,340,6,59,41,8,352,12,606,218,654,363,143,2,531,549,43,148,617,374,376,377,379,387,152,395,397,398,400,516,404,405,47,410,416,419,298,428,4,618,431,433,50,459,663,181,473,15,51,52,227,668,669,490,204,494,501,502,503,213,67);
aWE("distant",517);
aWE("distinct",4);
aWE("distinction",67);
aWE("distinguish",536,562,563,687,400,403,433,692);
aWE("distort",656,439,494);
aWE("distortion",326,494,495);
aWE("distribut",513,631);
aWE("distribution",520,521,317,318,319,320,323,324,325,59,47,4,14,472,67);
aWE("distributor",511,632,599,573,588);
aWE("dither",397,398);
aWE("divid",9,614,17,270,274,645,290,646,648,322,538,565,578,597,559,560,534,536,562,596,577,563,537,58,8,60,12,654,655,363,656,13,661,691,662,14,692,664,227,482,483,668,16,672,674,67,675);
aWE("dl",19,584,585,587,596,630,622,589,588,623,627,592,67,598);
aWE("dll",67);
aWE("dlpc",533,554,67);
aWE("do",64,229,230,632,599,260,17,678,679,683,684,293,330,533,554,335,58,606,220,139,140,141,2,548,573,588,617,400,295,433,442,450,664,667,641,669,671,497,672,67);
aWE("dock",292,657,223,672);
aWE("dockabl",67);
aWE("documen",67);
aWE("document",229,511,233,250,252,257,83,258,84,85,262,264,270,273,102,29,278,279,286,646,647,312,115,648,11,321,322,536,562,336,337,342,7,59,42,354,218,653,591,617,368,150,395,396,154,224,157,401,624,639,403,408,425,436,457,222,168,169,171,460,172,173,664,667,669,493,26,672,673,695,67,675);
aWE("documentation",649,605);
aWE("doesn",596,577,563,537,402,227);
aWE("don",510,512,585,519,520,521,523,525,526,527,255,17,275,630,42,2,616,617,378,385,397,398,459,61,664,474,223,579,26);
aWE("dongl",229,275,530,546,586,568,570,547,564,621,588,395,631,581,598);
aWE("doscan",108,218);
aWE("dospherequalification",109,218,226,517);
aWE("dot",599,339,340);
aWE("doubl",19,599,271,28,274,37,562,563,630,43,658,617,46,412,413,414,415,416,297,446,664,474,194,667,227,671,500,67,55);
aWE("dowel",591);
aWE("down",512,613,68,610,611,92,28,274,29,677,678,679,680,681,683,684,287,302,110,308,309,312,317,328,330,123,557,559,342,5,40,58,59,343,344,609,218,364,573,588,44,45,374,378,13,399,405,406,407,411,412,413,414,299,426,428,539,566,434,50,456,457,222,664,665,666,471,473,667,627,487,488,669,671,493,672,674,67,55,506,509);
aWE("download",548,573,588);
aWE("downprofil",618);
aWE("downward",58,609,44);
aWE("drag",287,292,33,34,333,596,577,563,537,630,352,354,436,667,672,509);
aWE("dramatical",66,363,297);
aWE("draw",0,274,289,303,304,305,306,307,308,328,342,58,344,351,388,389,390,391,392,393,394,406,411,297,299,434,443,445,446,448,447,454,666,183,189,190,667,669,671,674,67,55,509);
aWE("drawn",271,274,103,308,328,59,218,656,404,411,295,297,434,447,474,517,669,671,674,55);
aWE("driv",603,573,631,593);
aWE("driven",291,292,294,108,652,139,140,141,142,616,617,412,413,414,618,619,194,226,67);
aWE("driver",603,622,623,627,67);
aWE("drop",68,610,611,92,308,312,317,328,330,123,557,559,343,630,364,548,573,588,374,378,405,406,407,411,426,428,618,539,566,434,436,457,222,667,487,488);
aWE("dry",613,617,620);
aWE("du",243,614,520,521,650,4,625,626);
aWE("dump",124,667,67);
aWE("dupl",227);
aWE("duplicat",557,338,342,218,656,691,438,165,227,503,67);
aWE("dx",17,34,39,492);
aWE("dxf",312,115,395,67);
aWE("dy",17,34,39,492);
aWE("dynamic",610,533,554,563,606,609,424,690,668,669,67);
aWE("dynamical",664);
aWE("dz",17,34,39,492);
aWE("e",230,70,510,512,513,19,0,246,245,244,614,519,520,521,523,525,526,527,599,256,17,91,92,96,98,99,100,684,289,303,304,306,307,646,33,34,113,313,322,327,330,556,334,335,342,5,1,343,345,346,352,606,621,357,218,139,140,141,142,363,143,2,656,548,573,588,366,149,384,385,387,397,398,661,412,413,414,417,299,429,4,430,431,432,158,437,450,161,222,61,664,619,176,462,463,471,194,667,477,198,517,201,484,486,203,671,672,67,55);
aWE("earli",539,566,474,67);
aWE("eas",604);
aWE("easi",585,545,266,329,555,346,621,616,389,400,551,618,433,225,466,468,579,642,643,67);
aWE("east",665);
aWE("easy",582,567,541,41,691,67);
aWE("edg",246,245,614,249,518,271,104,34,310,113,316,120,131,342,343,630,218,363,143,656,395,410,450,161,222,619,181,464,666,473,486,203,503,67);
aWE("edit",9,56,10,21,22,25,260,86,17,262,101,270,28,273,102,677,678,679,680,681,682,683,684,685,278,107,30,31,287,646,33,34,309,112,35,601,315,119,38,39,266,329,557,558,536,562,563,537,124,336,337,129,342,5,59,343,8,650,346,60,352,12,218,2,656,364,145,151,387,152,157,401,295,425,428,4,430,461,174,225,465,667,223,517,671,493,205,672,63,67);
aWE("editabl",28,431,222,67);
aWE("editor",659,225,55);
aWE("effect",250,252,552,58,343,297,665);
aWE("effectiv",596,577,537);
aWE("effective",616);
aWE("effectivenes",66);
aWE("effector",226);
aWE("efficiency",66);
aWE("efficient",614,495);
aWE("eight",578,597);
aWE("eith",249,104,266,329,65,650,346,635,516,410,415,4,437,664,225,67,598);
aWE("el",54,55);
aWE("elbow",599);
aWE("electrical",585,579);
aWE("electricity",585,579);
aWE("electronic",605,609,607);
aWE("element",42,295,4,670,26,673,55);
aWE("elevation",54,55);
aWE("eliminat",345,385,451,67);
aWE("ellips",308,218,433,666,183,227,669);
aWE("elliptic",308,342,619,666,183,667,669,67);
aWE("elp",227);
aWE("email",64);
aWE("emit",548,573,588,620);
aWE("empty",230,0,84,646,36,648,8,139,140,141,142,368,401,402,425,430,169,669);
aWE("enabl",265,229,230,510,22,243,23,250,252,68,519,520,521,522,523,524,527,25,17,271,543,275,29,289,290,293,300,303,646,34,221,309,111,112,315,266,329,332,333,570,547,595,533,554,557,558,560,534,561,535,536,562,596,577,563,537,342,1,58,59,41,344,650,345,346,351,60,42,634,604,609,218,654,139,140,141,142,363,143,2,548,573,588,366,657,369,371,372,374,376,378,380,381,382,388,389,390,391,395,397,399,631,639,415,416,417,419,420,421,297,423,299,424,425,427,428,4,618,433,50,456,664,474,187,667,223,517,668,669,671,628,493,495,53,26,674,67,675,506,509);
aWE("enablemacrolog",111,218);
aWE("enableundo",112,218);
aWE("enclos",416,433,194,227,55);
aWE("encod",54,55);
aWE("encoder",599,621);
aWE("encoding",55);
aWE("end",510,513,0,525,599,17,271,29,678,679,680,683,277,276,105,106,287,324,333,558,65,344,351,352,609,2,573,588,375,377,378,379,224,47,4,431,453,664,620,465,189,667,226,227,517,67,55);
aWE("endles",67);
aWE("endpoint",313,2);
aWE("endptx",105,106);
aWE("endpty",105,106);
aWE("engin",415,67);
aWE("engine",131,395,67);
aWE("engineer",66);
aWE("english",636);
aWE("enhanc",310,113,595,533,554,563,342,218,363,143,656,691,667,486,67);
aWE("enhancefeatur",113,218,143,224,227);
aWE("enhancement",656);
aWE("enlarg",461,67);
aWE("enough",308,322,328,397,398,638,411,434,664,225);
aWE("ensur",511,512,513,613,599,601,603,629,536,562,606,621,607,548,622,573,588,591,617,624,403,625,620,626,517,627,579,628);
aWE("ent",510,513,614,519,520,521,523,525,526,527,17,274,33,603,317,322,325,330,559,561,535,536,562,564,42,652,602,604,600,609,656,607,43,377,388,397,398,516,295,299,618,440,457,664,619,473,667,223,495,26,67);
aWE("enter",510,632,108,561,535,536,562,564,7,8,218,655,617,377,660,428,430,458,226,26,63,67);
aWE("entertainment",66);
aWE("entir",234,235,236,255,270,326,356,363,435,454,459,481,669,490);
aWE("entire",348,457,663,470,26);
aWE("entiti",265,230,70,233,234,235,71,243,246,245,248,249,253,518,519,525,526,256,260,86,17,90,94,96,644,262,270,272,273,102,274,645,677,277,276,279,280,281,282,285,286,287,301,646,34,308,310,647,686,312,313,117,648,316,317,326,327,328,266,329,330,269,332,333,123,334,335,125,128,342,1,7,41,343,8,344,650,345,346,347,348,349,352,357,218,359,360,653,654,361,655,363,2,656,364,145,365,367,369,370,374,375,376,377,378,379,385,387,395,397,398,659,660,400,401,403,406,408,409,410,411,416,417,419,295,430,431,432,433,434,436,662,438,439,440,441,442,444,443,445,446,449,448,447,450,451,453,457,692,663,664,225,665,177,462,463,465,468,666,469,474,183,186,188,189,190,667,476,196,477,479,480,482,483,199,200,484,486,669,694,670,671,228,494,495,496,207,497,209,499,26,672,674,695,501,502,503,67);
aWE("entities_info",117);
aWE("entity",265,69,230,231,70,234,235,236,243,237,238,239,240,241,242,518,519,523,525,526,260,86,87,17,90,91,92,93,94,96,97,98,99,100,263,270,272,273,274,103,645,29,677,678,679,680,681,682,683,684,685,279,286,287,646,647,686,312,313,317,318,319,320,321,322,323,324,325,326,327,266,329,330,269,333,334,335,126,127,336,342,1,6,7,58,41,343,8,650,346,348,630,352,42,356,138,218,359,360,653,139,140,141,142,363,2,687,656,364,341,146,369,374,378,379,383,151,384,387,397,400,157,401,406,688,410,689,417,419,295,422,429,431,432,433,440,441,442,444,443,445,446,449,448,447,163,457,461,692,663,61,462,464,666,184,185,186,475,667,476,197,482,483,484,669,694,670,671,490,228,492,206,497,208,209,26,500,672,62,63,212,501,502,67);
aWE("entitynam",313);
aWE("entitytypeforselection",67);
aWE("entry",458,672);
aWE("enum",313);
aWE("enumerat",222);
aWE("enumeration",0,65,55);
aWE("envelop",19);
aWE("environment",599,601,603,596,577,563,537,607,548,573,588,616);
aWE("environmental",512);
aWE("equal",513,0,249,252,17,94,98,29,8,376,377,529,420,459,227,67,55);
aWE("equality",227);
aWE("equator",313,609,420);
aWE("equipment",0,622,617);
aWE("equivalent",273,117,220,389,390,391,392,393,394,297,299,664,194,667,674,55);
aWE("error",64,513,255,17,514,109,34,317,318,319,320,322,323,324,325,515,330,557,7,58,345,606,621,622,623,617,400,224,624,638,425,4,433,436,14,222,626,517,627,628,62,67);
aWE("errorlevelconditionnumb",109);
aWE("errorlevelstandarddeviation",109);
aWE("esc",266,329,650,346,667);
aWE("esp",67);
aWE("especial",493);
aWE("essential",616);
aWE("establish",611,599,268,548,617);
aWE("estimat",513);
aWE("etc",0,243,250,252,519,521,92,644,270,682,287,308,221,647,36,313,37,648,328,333,59,650,42,354,609,621,357,548,573,588,396,397,398,660,410,411,419,297,431,434,440,222,61,664,620,225,667,486,671,228,492,26,673,67,55);
aWE("ethernet",548,631,550,540);
aWE("european",615);
aWE("even",519,525,526,17,109,326,596,346,630,357,388,4,438,619,472,474,226,483,228,496);
aWE("event",64,627);
aWE("eventual",7,357,461);
aWE("every",230,510,236,23,246,245,244,614,250,252,528,519,520,521,523,527,255,258,17,94,271,28,286,303,304,306,307,686,329,594,532,553,576,560,534,561,535,536,562,563,339,340,342,41,343,345,356,634,358,653,363,687,623,376,377,385,387,152,388,389,390,391,397,398,661,417,297,298,299,4,459,692,180,464,466,667,227,693,670,671,54,674,67,675);
aWE("everyon",634);
aWE("everyth",476,672);
aWE("everywher",619);
aWE("ex",601,634,623,169);
aWE("exact",677,678,679,681,683,684,685,277,276,266,329,344,346,363,143,299,4,458,203,641,492,672,67);
aWE("exampl",265,69,230,231,232,18,70,510,512,20,234,235,71,236,72,243,237,238,239,240,241,242,73,74,75,76,77,78,79,80,246,245,244,247,613,249,250,585,253,518,528,519,520,521,610,522,523,524,525,526,527,611,612,255,84,260,87,17,90,91,92,93,94,95,96,97,98,99,100,262,514,267,270,271,272,28,273,274,103,104,29,677,678,679,680,681,682,683,684,685,277,276,105,106,287,289,290,288,293,108,109,302,303,304,305,306,307,33,34,308,221,111,112,310,113,647,115,36,313,37,116,117,118,314,316,120,317,318,319,320,321,322,323,324,325,326,327,39,328,266,268,331,332,333,122,123,552,556,557,561,535,563,537,124,335,126,127,65,130,131,339,340,132,1,41,344,650,345,346,347,348,349,350,351,352,353,354,355,356,137,651,652,606,609,621,138,357,220,359,139,140,141,142,361,362,363,143,2,687,144,364,145,365,367,341,146,658,148,149,617,369,371,372,374,376,378,380,381,382,385,386,387,152,388,389,390,391,392,393,394,153,154,397,398,155,156,46,660,400,224,401,631,403,404,405,406,407,47,688,409,410,411,689,419,422,428,4,690,618,539,566,431,433,434,158,159,439,440,49,444,443,445,446,449,448,447,450,451,50,163,453,454,455,166,167,456,222,168,169,170,459,172,461,174,692,61,664,619,620,176,225,180,181,182,464,465,466,467,468,470,471,472,473,474,183,184,185,186,187,189,190,192,193,194,195,476,223,51,52,197,477,478,227,482,483,201,693,484,485,486,203,579,640,489,694,671,490,204,228,492,494,206,208,209,498,499,211,54,26,62,695,212,501,502,503,213,55,504,505,507,508,509);
aWE("exce",511,41);
aWE("exceed",510,615,440,517);
aWE("excel",36,313,37);
aWE("except",512,646,40,7,650,46,3,420,671,67);
aWE("exception",273,286,290,647,686,313,357,220,50,694,671,228,496);
aWE("excl",183,185,189,190,227);
aWE("exclamation",623,402);
aWE("exclud",230,104,308,328,339,340,406,410,411,434,666,667,227,669,674);
aWE("execut",68,221,358,220,657,224,222,170,225,195,223,226,201,671,493,500,67);
aWE("executabl",621,169);
aWE("execution",218,224,427,222,168,170,225,223,226,227);
aWE("executiv",19);
aWE("exemplary",609);
aWE("exist",265,229,518,519,525,526,17,99,28,677,678,679,680,681,682,683,684,685,30,31,287,33,34,308,686,37,118,648,317,318,319,320,323,324,325,327,38,328,266,329,268,333,594,532,553,576,558,339,340,7,58,650,346,352,218,358,146,370,373,375,377,379,383,395,153,154,406,411,4,434,48,50,163,457,663,61,664,666,473,667,483,669,694,228,54,26,503,67);
aWE("existent",558);
aWE("exit",233,518,528,519,520,521,522,523,524,525,526,527,599,271,677,108,311,35,114,601,648,11,317,318,319,320,323,324,325,266,329,332,558,560,534,336,342,5,59,41,8,344,650,346,351,354,652,602,621,218,607,658,399,404,405,407,408,456,61,664,619,465,466,474,226,495,672,67,506,509);
aWE("exitinspection",114,218);
aWE("exitprompt",108);
aWE("exp",131,395);
aWE("expand",308,65,623,434);
aWE("expansion",585);
aWE("expect",513,322);
aWE("experienc",66,631);
aWE("experiment",548,573,588);
aWE("explain",510,34,266,329,558,1,650,346,2,369,371,372,374,376,378,380,381,382);
aWE("explanation",614,65,1,59,604,600,400,409,433);
aWE("explor",631);
aWE("export",255,303,312,115,36,313,37,116,117,118,648,11,326,339,340,342,5,218,363,397,398,400,416,425,428,691,433,454,168,459,692,620,481,671,494,67);
aWE("export3dpt",116,218);
aWE("exportentiti",115,117,218);
aWE("exportlabel",118,218);
aWE("expos",548,573,588);
aWE("exposur",563);
aWE("expres",64);
aWE("expression",55);
aWE("extend",564,615,67);
aWE("extension",582,567,541,677,678,679,680,681,683,684,290,312,545,648,629,594,532,553,576,337,338,1,2,573,616,395,396,222,460,550,592,540,628,493,55);
aWE("extent",252,272,29,277,276,313,324,59,218,616,400,297,299,4,431,433,457,465,669,694,671,672,674,501,502,67,675,504,508,509,214,217);
aWE("exterior",615);
aWE("external",243,73,645,218,141,395,396,410,425,168,169,669,67);
aWE("extra",19,68);
aWE("extract",243,237,238,239,240,241,242,73,74,75,76,77,78,79,519,520,521,523,525,526,527,267,271,645,314,266,329,333,556,342,6,344,346,218,400,224,689,661,433,450,466,667,228);
aWE("extraction",243,519,520,521,523,525,526,527,1,400,433,67);
aWE("extrem",1,548,573,588);
aWE("extreme",344);
aWE("f",599,315,119,316,120,331,121,342,5,667);
aWE("f1",261,65,179,667);
aWE("f11",221,225,667,223,517);
aWE("f12",358,667);
aWE("f2",442,49,667);
aWE("f5",160,435,667);
aWE("fabric",61,664);
aWE("fac",512,326,332,342,218,687,295,692,666,187,669,494,495,695,67);
aWE("facilitat",650);
aWE("faciliti",397,398);
aWE("facility",67);
aWE("factor",563,461,174,67);
aWE("factory",512);
aWE("fail",632,37,317,318,319,1,621,636,639,436,50,626,642,67);
aWE("failur",632,617);
aWE("fal",1,218,180);
aWE("fall",274,103,218,656);
aWE("fals",440);
aWE("fami",574,589,55);
aWE("fanfold",19);
aWE("far",614,250,465,473);
aWE("faro",510,511,512,513,0,514,313,601,603,515,556,557,559,596,577,563,338,542,583,571,651,606,602,604,621,573,588,591,615,617,395,516,631,664,593,550,592,540,628,67,581,598);
aWE("faroarmusb",557);
aWE("farth",2);
aWE("fashion",410);
aWE("fast",614,29,316,562,563,1,42,635,548,664,473,484,579,67);
aWE("fasten",513);
aWE("fastest",356);
aWE("fault",596,577,563,537,402,668,16);
aWE("faulty",293,316,342,218,656,622,691,439,451,162,166,626,672);
aWE("fax",64,621,437);
aWE("featur",246,245,244,614,249,528,522,524,267,271,676,287,310,113,333,570,547,564,342,8,345,66,218,361,362,143,656,548,573,588,615,616,385,397,398,403,410,417,691,618,436,662,450,161,61,664,619,466,667,482,486,67);
aWE("feedback",557,41,517,67);
aWE("feet",512);
aWE("femal",599);
aWE("fetch",646,315,119,337,342,218,667,493);
aWE("few",260,17,43,418,627);
aWE("ff0000",55);
aWE("ffff00",55);
aWE("ffffff",54,55);
aWE("field",17,92,28,29,677,678,679,680,681,682,683,684,685,327,38,329,536,562,596,577,537,8,650,352,609,358,590,531,549,575,623,388,295,299,425,4,430,50,222,223,671,492,674);
aWE("fifo",627);
aWE("fifth",609);
aWE("figur",230,632,513,0,333,606);
aWE("fil",70,510,632,512,513,0,236,243,237,238,239,240,241,242,614,249,633,68,255,599,257,83,84,85,17,28,677,678,679,680,681,682,683,684,685,287,289,109,303,304,305,306,307,646,221,111,647,311,35,114,312,115,36,313,37,116,117,118,601,315,648,11,316,120,326,266,329,333,122,594,532,553,576,557,536,562,596,577,563,537,334,335,337,65,130,131,338,339,340,132,1,7,59,343,650,346,66,630,352,218,358,359,360,363,2,656,607,548,573,588,623,657,368,150,395,153,396,154,3,224,402,631,639,410,415,416,295,297,425,426,427,4,539,566,430,436,437,451,162,50,222,169,170,459,171,460,172,61,664,225,462,463,667,477,478,227,484,485,668,16,669,671,643,493,672,673,695,67,55);
aWE("filenam",84,647,115,313,116,117,118,122,594,532,553,576,130,131,132,1,358,2,153,154,224,170,172,225,201);
aWE("filename_align",2);
aWE("filename_inspect",1);
aWE("filename_merg",2);
aWE("filename_prealign",2);
aWE("filename_rule_zon",1);
aWE("filepath",122,224,225);
aWE("filetyp",115,117);
aWE("fill",249,253,82,316,120,342,343,218,2,656,4,691,451,50,667,223,202,485,54,67,55);
aWE("fillhol",120,218,224,222,223,227);
aWE("filt",246,245,244,113,560,534,343,345,218,361,362,2,656,149,385,409,661,158,159,663,176,67);
aWE("filter",595,554,67);
aWE("filtration",2);
aWE("fin",595,533,554,457);
aWE("final",519,525,526,677,678,679,680,681,682,683,684,685,646,329,333,650,363,588,623,44,45,369,371,372,374,376,380,381,224,295,225,667,67);
aWE("find",243,238,242,68,266,596,577,563,537,346,634,218,656,379,402,409,416,436,438,165,664,668,16,608,641);
aWE("fing",599);
aWE("finish",246,245,244,518,528,519,520,521,522,523,524,525,526,527,92,28,677,678,679,681,683,684,685,221,558,1,7,41,609,139,140,141,142,361,362,607,692,61,664,619,620,517);
aWE("firm",512,599,606,517);
aWE("firmwar",599);
aWE("first",265,510,512,513,613,528,610,525,526,259,90,93,94,97,98,99,100,676,29,678,679,684,303,313,317,266,329,333,536,562,342,1,41,650,346,351,352,651,609,621,139,140,141,142,607,548,622,573,588,373,375,376,378,379,637,660,224,403,689,419,428,4,662,50,453,454,619,620,189,667,517,627,641,671,494,26,67,55);
aWE("firstpt",98);
aWE("firstptlength",98);
aWE("firstptratio",98);
aWE("fit",69,230,70,510,513,236,243,237,238,239,240,241,242,73,74,75,76,77,78,79,250,518,528,519,520,521,522,523,524,525,526,527,612,514,682,287,292,317,318,319,320,321,322,323,324,325,515,266,329,333,560,534,342,59,41,650,346,606,609,218,654,2,656,370,660,516,417,418,419,662,663,664,470,667,517,668,669,54,672,674,212,501,502,67,55,504,508,509,214,217);
aWE("fitting",457);
aWE("fiv",510,559,536,562);
aWE("fix",243,317,325,266,329,343,346,617,424,451,474,627,67);
aWE("fixing",573,588);
aWE("flag",55);
aWE("flash",548);
aWE("flat",511,0,239,246,245,253,82,528,17,289,316,120,515,326,333,342,58,343,8,345,218,687,656,658,385,410,689,297,4,618,158,444,443,446,448,450,619,180,466,666,667,489,671,494,495,673,674,67);
aWE("flatfill",120,222,227);
aWE("flatnes",243,73,523,180,466,227);
aWE("flatrm",73);
aWE("flattish",243);
aWE("flexibl",224,225);
aWE("flip",326,342,650,348,606,602,218,656,147,369,371,372,374,376,380,381,691,494);
aWE("float",243,249,292,313,558,342,609,218,656,691,440,167,222,199,672,67);
aWE("floor",582,567,541,230,599,543,601,603,607,548,573,588,616,617,440,550,592,540);
aWE("floppy",631);
aWE("flow",1,4,26);
aWE("fluid",599);
aWE("flush",281,284,313,333,342,653,654,572,421,593,67);
aWE("flushnumb",313);
aWE("fmaxx",195,227);
aWE("fmaxy",195,227);
aWE("fmaxz",195,227);
aWE("fminx",195,227);
aWE("fminy",195,227);
aWE("fminz",195,227);
aWE("focu",614);
aWE("fold",0,68,599,221,312,122,536,562,337,224,639,225,493);
aWE("folio",19);
aWE("follow",230,18,510,512,56,10,19,0,20,243,237,238,239,240,241,242,613,614,68,518,528,519,520,521,522,523,524,525,526,527,255,599,256,260,17,90,91,92,93,94,96,97,98,99,100,514,270,27,645,676,677,678,679,681,683,684,109,646,686,312,115,36,313,37,601,603,317,318,319,320,321,322,323,324,325,515,327,266,329,330,269,538,565,578,597,555,556,557,558,559,536,562,563,65,131,338,1,7,59,41,8,650,345,346,347,60,352,12,634,651,652,602,604,600,609,621,218,219,358,220,360,654,141,2,656,607,548,573,588,623,366,616,617,369,370,371,372,374,375,376,377,378,380,381,382,395,46,400,516,224,631,661,415,416,417,419,295,4,691,618,430,431,433,436,662,437,450,161,453,457,222,61,664,666,626,195,667,223,480,226,227,517,482,483,641,669,642,643,228,492,26,672,673,674,67,55);
aWE("font",38,39,65,421,298,422,54,67,55);
aWE("foot",0,313,559,574,589,573,4,50);
aWE("footswitch",629,642);
aWE("forc",599);
aWE("forcentr",677);
aWE("form",249,104,678,679,7,687,410,439,466,26,503);
aWE("formal",195);
aWE("format",56,10,236,28,287,293,109,33,686,312,115,36,313,37,116,117,118,648,11,327,38,39,333,594,576,65,130,338,339,340,132,342,5,6,7,59,66,60,352,12,356,218,653,363,656,366,395,153,396,154,224,410,416,423,425,428,4,691,430,50,620,667,51,52,478,227,669,490,672,67,55);
aWE("former",503);
aWE("formetrismca",563);
aWE("fornormal",677);
aWE("forward",471,474);
aWE("four",510,521,527,644,267,556,560,534,596,577,563,537,564,658,224,437,667);
aWE("fourth",525,90,94,97,99,100,329,352,609);
aWE("fov",563,517);
aWE("fp1",631,67);
aWE("fragment",244,688);
aWE("fram",265,100,277,276,268,123,563,630,224);
aWE("fre",0,328,630,218,400,433,666,189,669);
aWE("freehand",328,342,218,619,666,189,669);
aWE("freez",67);
aWE("frequent",614,249,631);
aWE("friend",67);
aWE("front",230,512,277,276,601,326,331,121,332,557,339,340,342,40,602,609,621,218,607,548,574,589,573,588,366,620,666,187,626,667,669,494,495,672,695,67,675);
aWE("frontselection",332);
aWE("ful",84,115,116,117,118,629,130,131,132,6,153,154,425,169,170,172,593,641,628,67);
aWE("fulfil",609);
aWE("full",526,91,96,98,99,100,270,684,109,313,122,557,596,577,563,537,1,352,634,219,615,631,416,299,431,664,667,669,55);
aWE("full_options_1",122);
aWE("function",9,64,510,22,243,23,249,17,28,287,109,33,34,310,312,316,555,560,534,7,58,59,41,343,352,42,356,652,606,687,656,364,145,43,659,13,402,404,405,47,661,691,451,50,459,692,225,666,223,490,493,26,501,502,67);
aWE("functional",667,517,67);
aWE("functionaliti",29);
aWE("functionality",510,68,645,676,32,266,329,555,557,558,562,563,65,338,6,7,650,346,607,384,3,660,420,425,429,619,67);
aWE("furth",512,252,17,327,266,329,563,1,41,346,2,224,4,457,664,517);
aWE("furthest",613,620);
aWE("fus",626,627,67);
aWE("fusion",67);
aWE("futur",278,266,329,538,565,578,597,131,346,61,664);
aWE("fx",631);
aWE("fx500",631);
aWE("fx5200",631);
aWE("g",510,512,0,290,313,556,561,342,606,218,360,656,548,573,588,531,549,450,161,222,664,667,201,671);
aWE("g08",0);
aWE("ga",1,2,4);
aWE("gain",573,588);
aWE("gam",66);
aWE("gamo",201);
aWE("gap",281,284,313,333,342,218,653,654,656,400,421,473,202,485,67);
aWE("gather",686,560,534,692);
aWE("gaus",47);
aWE("gb",631);
aWE("gdf",1);
aWE("geforc",631);
aWE("geforce2",631);
aWE("geforce4",631);
aWE("gen",227);
aWE("general",613,614,17,27,32,37,327,266,329,595,533,554,58,346,623,366,43,46,297,50,665,608,54);
aWE("generat",513,614,267,270,28,274,103,277,276,105,106,646,221,647,330,122,564,6,7,59,8,344,218,219,363,2,687,656,365,341,146,151,386,395,396,400,639,688,417,418,4,690,438,50,14,163,222,61,664,225,467,195,227,693,694,495,501,502,67);
aWE("generation",28,122,595,533,554,561,5,59,219,398,639,50,14,663,225,643,67);
aWE("genreport",122,218);
aWE("gent",599);
aWE("geo",338,395,67);
aWE("geometric",676,324);
aWE("geometry",613,260,514,317,318,319,320,323,324,325,515,606,654,387,660,620,667,67);
aWE("german",19);
aWE("get",230,70,234,518,528,519,520,521,522,523,524,525,526,527,17,94,270,29,559,41,634,609,218,375,376,377,400,551,691,431,433,625,440,450,457,466,517,483,67);
aWE("get321setting",123,218,224);
aWE("getendeffector",226);
aWE("getprofil",226);
aWE("gif",0,4,50,478,67,55);
aWE("giv",614,521,333,596,577,537,516,4,618,692,468,473,668,16,641,67);
aWE("given",71,80,249,93,104,266,333,536,562,1,345,346,218,656,43,617,378,385,397,409,410,661,419,299,424,4,439,440,166,459,692,663,666,472,192,193,486,490,204,211,67,55);
aWE("glas",614);
aWE("global",229,0,234,235,71,250,290,292,686,327,266,329,269,346,218,2,365,366,4,431,457,664,671,67);
aWE("glu",616,617);
aWE("go",230,511,513,585,528,599,17,283,284,285,287,603,333,1,41,650,352,42,604,600,609,138,2,607,573,588,374,3,631,427,618,436,441,457,665,579,496,206,26);
aWE("gold",510,0,514,601,515,559,583,571,621,588,516,295);
aWE("good",512,109,536,562,4,551);
aWE("got",529);
aWE("goto",189,227);
aWE("grad",313,416);
aWE("gradient",24,295);
aWE("grant",17,58);
aWE("graphic",478,672,67,55);
aWE("graphical",614,272,475,672);
aWE("gravity",461,67);
aWE("gray",18,234,236,243,237,238,239,240,241,242,246,245,244,249,253,255,260,17,262,270,273,274,29,30,31,286,646,310,314,315,316,317,318,319,320,321,322,323,324,325,326,38,558,334,335,344,650,345,348,359,360,361,362,363,385,387,397,398,46,400,401,410,295,4,433,48,438,439,440,442,49,450,451,50,454,459,461,462,464,477,481,482,483,485,486,670,671,493,494,495,497,672,503,55);
aWE("great",560,534,1,345,385,409,461,467,55);
aWE("greatest",409,180,466);
aWE("green",513,0,599,677,678,679,680,681,682,683,684,685,289,313,552,558,609,360,402,295,4,625,517);
aWE("grey",552,4,61,664);
aWE("grid",69,270,277,276,105,106,290,130,339,340,132,342,6,218,363,2,656,617,295,298,691,663,667,672,212,501,502,67);
aWE("grid1",130,132);
aWE("gridagain",290);
aWE("gridlin",4);
aWE("group",230,510,243,249,260,17,263,267,271,272,279,286,289,303,304,305,306,307,646,647,313,314,561,536,562,563,334,335,126,127,342,58,343,344,60,352,652,138,357,358,359,360,653,655,687,656,366,657,388,389,390,391,392,393,394,398,400,412,413,414,415,416,417,418,419,420,295,421,297,298,422,423,299,424,427,428,691,431,433,436,662,442,444,443,445,446,449,448,447,457,458,665,462,466,468,184,186,476,197,479,480,484,668,16,694,670,671,228,496,206,497,208,209,54,672,674,67,55);
aWE("groupmesh",228);
aWE("grouppolylin",228);
aWE("groupptcloud",228);
aWE("groupptprob",228);
aWE("groupscan",228);
aWE("grow",418);
aWE("gt",631,55);
aWE("gu",1);
aWE("gues",1);
aWE("gui",517);
aWE("guid",513,599,536,562,66,609,591,664,641);
aWE("gun",616,617);
aWE("h",249,278,335,128,337,129,342,667,487);
aWE("h40",67);
aWE("half",313,563);
aWE("halv",376);
aWE("hand",94,677,681,647,312,330,268,559,58,370,374,375,376,377,379,46,659,660,297,4,61,664,641);
aWE("handgrip",558,609,607);
aWE("handl",599,601,603,607,548,573,588,616,436,620,67);
aWE("happen",513,630,403,618,641);
aWE("happy",61,664);
aWE("hard",558,609,359,388,631);
aWE("hardwar",511,513,614,633,599,294,603,530,546,586,568,569,587,570,547,538,565,578,597,552,594,532,553,576,595,533,554,555,556,557,558,559,560,534,561,535,536,562,596,577,563,537,564,59,606,604,600,609,218,219,607,635,548,622,573,588,624,631,295,427,618,61,664,473,194,226,517,668,16,608,669,642,67);
aWE("hardwarerequirement",631);
aWE("hav",512,243,73,614,17,647,122,1,650,630,218,2,656,50,666,472,192,193,67);
aWE("head",0,631,4,50,471,55);
aWE("hear",635);
aWE("height",19,525,526,343,352,47,54,55);
aWE("held",64,513,471,67);
aWE("hello",144);
aWE("help",64,238,614,261,556,557,124,649,65,66,218,548,573,588,637,426,619,667,668,608,642,643,491,673,67);
aWE("hemispher",242);
aWE("her",230,632,514,686,312,648,515,38,266,559,563,65,338,59,346,347,617,369,371,372,374,376,378,380,381,382,516,50,227,598);
aWE("hex",227);
aWE("hexadecimal",20,570,547,564,227,55);
aWE("hexagon",243);
aWE("hff",337);
aWE("hibernat",638);
aWE("hid",278,287,291,292,294,300,301,39,334,335,125,126,127,128,342,352,218,358,2,657,297,667,223,670,671,672,67);
aWE("hidden",236,243,237,238,239,240,241,242,246,245,244,249,253,255,17,262,267,273,274,103,277,276,279,280,281,282,286,291,292,294,646,310,314,316,317,318,319,320,321,322,323,324,325,326,333,334,335,339,340,344,345,348,218,361,362,655,363,2,656,385,397,398,400,410,433,438,439,440,442,450,451,454,459,664,665,462,463,464,468,469,476,196,477,481,482,485,486,669,694,670,671,494,495,497,672,673,503);
aWE("hideall",125,218);
aWE("hideentity",126,218,228);
aWE("hideentitysel",127,218,228);
aWE("hidesel",128,218);
aWE("hierarchy",260,228);
aWE("high",510,513,17,561,596,577,563,537,1,58,345,602,604,600,609,621,139,140,141,142,143,635,385,388,631,410,418,419,295,299,61,664,619,466,517,484,640,608,671,674);
aWE("highest",0,260,595,554,517,501,502);
aWE("highlight",613,677,678,679,680,681,682,683,684,685,295,61,664,670,671,67);
aWE("hint",536,562);
aWE("history",259,336,342,655,384,429,671,67);
aWE("hit",344);
aWE("hkey_local_machin",68,634);
aWE("hol",243,249,253,82,519,521,599,543,308,314,316,120,557,343,606,602,218,2,656,529,420,451,223,477,202,485,67);
aWE("hold",513,614,518,528,519,520,521,610,522,523,524,525,526,527,611,274,29,677,678,679,680,681,683,684,287,292,646,308,315,328,333,536,562,337,129,342,344,354,602,609,357,218,658,399,405,406,407,411,419,434,456,61,664,666,183,189,190,667,517,487,488,669,671,493,672,673,674,506,509);
aWE("hom",599,558,607,295,457,667);
aWE("homepag",55);
aWE("horizontal",513,250,252,514,515,269,342,366,516,403,421,4,433,665,667,487,669,673,67,675);
aWE("hot",616);
aWE("hour",221);
aWE("how",230,70,510,513,246,245,244,614,599,24,17,310,113,315,561,535,65,41,343,8,345,66,609,219,623,149,369,372,374,376,378,382,385,631,298,4,158,436,620,176,183,185,189,190,517,608,641,669,228,492,493,67);
aWE("html",122,7,50);
aWE("http",631,669,54,55);
aWE("hu",448,671,674);
aWE("hug",349);
aWE("hundred",621);
aWE("hw",539,566);
aWE("hz",561,535);
aWE("i",230,70,510,513,246,245,244,614,519,520,521,523,525,526,527,256,17,91,92,96,98,99,100,684,289,303,304,306,307,646,33,34,113,313,322,327,330,561,334,335,342,5,1,343,345,346,347,349,352,357,139,140,141,142,363,143,2,589,366,149,384,385,387,397,398,661,412,413,414,417,299,429,4,430,431,432,158,61,664,619,176,462,463,471,188,194,667,517,201,484,486,203,627,592,671,672,67,55,598,505,215);
aWE("ibl",312,115);
aWE("ibm",631);
aWE("icon",513,614,250,252,599,266,329,332,65,650,346,605,357,548,573,588,623,619,462,517,694,670,496,673,67);
aWE("id",632,512,570,547,556,596,577,621,669);
aWE("idea",4);
aWE("ideal",333,606,609,664,517);
aWE("identical",260,266,329,346,218,656,372,374,376,378,382,295,438,165,227);
aWE("identification",564,145);
aWE("identity",347);
aWE("idl",61,226);
aWE("if",265,64,229,230,18,510,511,632,512,513,56,0,233,234,235,236,21,22,243,237,238,239,240,241,242,23,246,245,244,613,614,249,250,633,68,253,518,528,519,520,521,610,522,523,524,525,526,527,611,255,599,257,84,25,260,17,90,91,92,93,94,96,97,98,99,100,262,264,267,270,27,271,272,28,273,274,104,29,677,678,679,680,681,682,683,684,685,277,276,278,279,30,280,281,282,31,286,287,289,290,109,303,304,306,307,646,34,308,221,111,112,310,647,311,37,314,603,315,648,316,317,318,319,320,321,322,323,324,325,326,327,38,39,328,266,329,333,552,594,576,556,557,558,560,534,561,535,536,562,596,577,563,537,564,124,334,335,127,336,339,340,1,58,59,41,343,8,344,650,345,346,347,348,630,60,352,12,42,356,634,651,652,606,609,621,218,358,220,359,139,140,141,142,361,362,363,2,607,145,635,548,622,573,588,623,365,367,366,341,658,615,369,370,371,372,374,376,378,379,380,381,382,384,385,386,387,393,394,636,397,398,155,46,637,399,400,224,401,624,638,631,639,403,405,406,407,410,411,412,413,414,415,416,417,419,420,295,421,297,423,425,427,428,429,4,618,430,433,434,435,436,437,625,48,438,439,440,442,446,450,451,50,452,453,454,456,457,458,169,459,460,461,663,61,664,619,620,225,665,180,462,463,464,466,468,469,470,471,472,473,187,667,476,223,477,481,226,227,517,482,483,484,485,486,627,640,608,641,487,488,669,670,671,628,490,228,492,493,494,495,497,499,26,500,672,673,674,63,501,502,503,67,675,55);
aWE("ifactivat",229);
aWE("ig",243,237,238,239,240,241,242,312,115,131,395,67);
aWE("ignor",90,91,93,94,96,97,98,100,109,42,220,139,140,141,142,153,154,397,61,664,517);
aWE("ignoresmall",155);
aWE("ii",510);
aWE("ijk",313,422);
aWE("illuminat",513,599,326,621,627);
aWE("illustrat",66);
aWE("imag",614,312,563,65,59,609,2,656,364,548,623,395,402,418,297,4,439,50,478,579,67,55);
aWE("image_file_large_address_awar",631);
aWE("immediat",536,562,8,66,427,664,641,67);
aWE("immediate",513,518,519,525,526,17,536,562,650,367,404,417,4,61,664,67);
aWE("immediateaccept",139,140,141,142,224);
aWE("immovabl",615);
aWE("immunity",595,533,554);
aWE("impact",512);
aWE("imperfection",246,245,244);
aWE("impli",64);
aWE("implicit",363);
aWE("impmeshgrid",130,218);
aWE("import",243,237,238,239,240,241,242,277,276,293,647,326,130,131,338,339,340,132,342,218,655,363,656,395,153,154,691,539,566,430,438,663,494,495,672,67);
aWE("importanc",329,667);
aWE("important",513,249,528,519,520,521,523,527,29,316,65,351,363,617,529,224,631,410,551,579);
aWE("importasfeaturepoint",153,154);
aWE("importer",67);
aWE("impossibl",544,326,617,402,450,619,494,495);
aWE("improv",66,297,67);
aWE("improvement",17,656,67);
aWE("impscangrid",132,218);
aWE("in",519,520,521,527,274,317,318,319,325,609,433,464);
aWE("inaccurat",512,473);
aWE("inactiv",230,650,457,694);
aWE("inappropriat",595,533,554);
aWE("inch",0,313,631,55);
aWE("incidental",64);
aWE("incl",183,185,189,190,227);
aWE("inclbndpt",143,224,227);
aWE("inclin",609);
aWE("includ",512,10,246,245,244,92,514,271,28,603,317,318,319,320,323,324,325,327,329,596,577,563,537,65,1,607,369,372,374,376,378,382,46,416,423,4,50,517,550,592,540,694,54,67,55);
aWE("incom",563);
aWE("incorporat",67);
aWE("incorrect",632,513,246,245,244,317,318,319,320,323,324,325,650,621,361,362,625,669);
aWE("increas",510,513,246,245,244,259,266,329,595,533,554,336,1,650,346,66,656,365,341,146,529,397,398,417,297,163,461,619,517,486,671,67);
aWE("incremental",621);
aWE("independent",55);
aWE("index",99,342,5,55);
aWE("indicat",510,513,599,677,678,679,680,681,683,684,330,563,65,609,548,622,573,588,617,402,418,436,619,517,67,581,598);
aWE("indication",558,687,516);
aWE("indicator",614,536,562,596,577,563,537);
aWE("individual",513,280,281,282,287,647,313,327,333,569,587,352,2,573,588,366,395,3,441,67);
aWE("industri",66);
aWE("industrial",66);
aWE("infinit",510,599,333,563,658,399,456,67);
aWE("infinity",67);
aWE("infint",599);
aWE("inflat",519,520,521,527,141,387);
aWE("influenc",303,304,305,306,307,329);
aWE("info",64,686,563,537,124,5,59,43,428,618,430,14,664,54,67,55);
aWE("inform",621);
aWE("information",64,512,513,10,0,614,518,528,519,520,521,522,523,524,525,526,527,17,271,34,686,312,36,313,37,116,603,327,38,39,329,530,546,586,568,556,557,559,124,336,65,7,59,344,605,60,352,12,609,218,219,358,363,607,548,573,588,43,659,402,631,404,405,407,47,689,416,419,428,4,618,430,431,50,668,16,608,641,669,671,673,67,55);
aWE("informational",603);
aWE("ini",631,639);
aWE("initial",234,92,29,1,140,656,369,374,452,454,225,26,55,504,505,507,508);
aWE("initialis",123,558,609,218,607,224,517);
aWE("initialisation",621,607,67);
aWE("initiat",266,329,650,346);
aWE("ink",478);
aWE("input",230,17,95,29,266,329,123,558,536,562,1,7,650,346,609,2,374,382,383,3,224,425,4,694,492);
aWE("input_fil",224);
aWE("insert",599,92,27,629,5,40,363,573,588,13,436,50,667,517,628,55);
aWE("insertion",67);
aWE("insid",308,328,218,43,529,47,411,434,666,474,183,189,190,627,669,55);
aWE("inspect",87,17,277,276,34,36,37,116,11,339,340,40,1,7,58,41,8,42,218,2,396,4,61,15,26,67);
aWE("inspection",18,0,21,22,23,24,25,87,17,644,27,28,29,277,276,30,31,32,33,34,35,114,36,37,116,118,315,11,38,39,122,5,40,1,57,6,7,58,59,41,8,630,60,12,42,218,2,43,44,45,397,398,46,3,47,416,295,297,49,50,61,15,667,51,52,16,669,493,53,54,26,672,62,63,67,55);
aWE("inspectionpoint",116);
aWE("instal",68,599,603,570,547,596,577,563,537,605,621,548,622,573,588,623,617,631,415,67);
aWE("install",64,28,623,631,50,67);
aWE("installation",585,599,603,607,588,623,636,631,415,426,61,664,579,642,67);
aWE("instanc",621);
aWE("instant",17,38,266,329,342,7,41,343,8,650,346,609,359,656,691,671,67);
aWE("instead",512,96,98,99,559,60,12,222,201);
aWE("instruction",512,599,601,603,602,609,621,607,617,631);
aWE("instrument",599,601,603,607,548,573,588,620);
aWE("insufficient",624,627);
aWE("insulat",616);
aWE("integ",313,222);
aWE("integrat",67);
aWE("intel",631,67);
aWE("intelligent",595,533,554,561,410,67);
aWE("intend",230,66);
aWE("intensity",288,563,342,672,67);
aWE("interaction",0,1,4);
aWE("interactiv",90,91,92,93,94,95,96,97,98,99,645,29,677,678,679,680,681,682,683,684,685,266,329,342,344,650,345,346,218,655,656,369,370,371,372,373,374,375,376,377,378,379,380,381,382,383,385,661,418,691,694,228,495,67);
aWE("interactive",274,266,344,346,661,432,664);
aWE("interchang",55);
aWE("interest",0,250,33,34,352,2,4);
aWE("interfac",512,645,569,587,6,7,650,346,66,42,622,574,589,573,588,667,226,517,592,670,26,672,67);
aWE("interfer",624);
aWE("interferenc",625);
aWE("interior",615);
aWE("interlac",630);
aWE("interleuvenlaan",64);
aWE("intermediat",104,1,2,189);
aWE("internal",512,243,73,645,596,563,537,564,141,397,398,415,67);
aWE("internet",631,437);
aWE("interpret",227);
aWE("interrupt",67);
aWE("intersect",265,274,374,378);
aWE("intersection",265,344,374,375,376,378,379,661);
aWE("interval",69,356,137,43,661,212,501,502);
aWE("introduc",397,398,67);
aWE("introduction",613,66,615,50);
aWE("intuitiv",66);
aWE("inv",227);
aWE("invalid",513,266,346,425);
aWE("invalidat",548,573,588);
aWE("inventor",312,115);
aWE("invers",233,342,347,378,482,671);
aWE("invert",234,326,342,345,347,348,349,218,656,147,385,453,454,663,175,466,666,188,667,227,669,671,495,67);
aWE("invertibl",347);
aWE("invisibl",58);
aWE("invit",19);
aWE("invok",17,678,679,680,65,652,220,4,667,671);
aWE("involv",7);
aWE("ipg",67);
aWE("ipr",64);
aWE("irregular",520,521,316,328,411);
aWE("irritat",621);
aWE("isa",67);
aWE("island",397,466);
aWE("islock",313);
aWE("iso",19,55);
aWE("isolat",246,245,244,249,218,361,362,687,656,689,440,167,466);
aWE("isometric",290,342,40,350,133,218,376,667,672);
aWE("issu",234,235,236,518,528,519,520,521,522,523,524,525,526,527,257,258,317,318,319,322,594,532,553,576,630,621,669,675);
aWE("it",124,155,156,227);
aWE("italic",55);
aWE("item",510,613,644,514,515,569,587,596,577,563,537,334,335,218,573,588,616,516,296,295,61,664,462,476,517,482,670,671,497,67,675);
aWE("iteration",230,70,246,245,244,113,343,345,149,385,397,398,155,156,158,176,227);
aWE("iternum",70,225);
aWE("itself",21,528,90,91,93,94,96,97,98,99,100,374);
aWE("iv",312,115);
aWE("j",310,113,313,342,351,667,492);
aWE("jag",252,477);
aWE("japan",19);
aWE("japanes",19);
aWE("jerk",635);
aWE("jfif",55);
aWE("ji",19);
aWE("job",613,620,226);
aWE("john",313,227,54,55);
aWE("join",259,342,351,218,656,661,454,473,667,202,485,503);
aWE("joint",603,621,588,620);
aWE("jpeg",478,67,55);
aWE("jpg",4,50,478,55);
aWE("jump",65,343);
aWE("jun",64,227);
aWE("just",230,260,287,33,34,333,65,605,352,374);
aWE("k",510,512,513,514,313,515,596,577,563,605,583,651,516,631,664,67);
aWE("kaku",19);
aWE("kcmm",67);
aWE("keep",614,249,17,514,273,104,315,515,558,41,345,143,384,385,516,631,410,425,429,48,664,619,225,468,185,550,592,540,501,502,67);
aWE("kept",69,18,510,585,42,218,363,656,410,663,227,579,490,204,26,212,501,502);
aWE("key",68,599,644,274,677,678,679,680,681,683,684,685,278,287,308,328,266,329,530,546,586,568,570,547,344,650,346,634,406,411,434,666,183,189,190,593,667,476,223,517,668,16,669,671,672,674,695,67);
aWE("keyboard",614,29,46,408,49,672,67);
aWE("keyword",548,573,588,664);
aWE("khaki",295);
aWE("kind",65);
aWE("kit",550,592,540);
aWE("knob",574,589);
aWE("know",529,225,492);
aWE("known",510,528,524,686,322,330,570,547,630,609,465,694);
aWE("kscan",510,542);
aWE("ksp",67);
aWE("ktf",493);
aWE("kub",64,230,70,510,511,632,512,513,0,234,235,236,243,237,238,239,240,241,242,613,614,250,252,585,633,68,518,528,519,520,521,522,523,524,525,526,527,599,257,258,17,261,644,262,267,273,274,645,287,289,290,288,292,293,300,646,308,221,309,647,686,311,35,312,36,313,37,601,603,648,317,318,319,322,326,328,266,329,333,538,565,578,597,594,532,553,576,595,533,554,556,558,559,536,562,596,577,563,537,564,124,649,336,65,342,1,7,58,41,343,8,650,346,66,630,354,634,583,606,602,604,600,609,621,218,219,358,220,363,2,656,607,548,622,573,588,623,657,658,617,368,529,388,389,390,391,392,393,394,395,153,396,154,636,397,398,659,637,399,660,224,402,624,631,406,688,410,411,412,413,414,415,416,419,295,297,425,426,428,4,691,539,566,430,431,434,442,443,445,446,448,447,452,456,457,460,61,664,619,225,665,667,223,226,227,517,483,579,668,16,608,669,694,491,228,493,495,672,673,674,695,67,675,55,509);
aWE("kube_log",67);
aWE("kube_xx",68,634);
aWE("kubesav",536,562,61,664);
aWE("kubesave_01",536,562);
aWE("kubesave_02",536,562);
aWE("kubesave_n",536,562);
aWE("kubeversion",667);
aWE("kx00",512);
aWE("l",342,352,136,353,589,667);
aWE("label",0,21,22,25,644,282,31,285,34,36,37,118,11,327,39,570,547,342,5,57,6,7,59,630,60,352,12,42,218,653,654,403,416,295,422,428,4,432,441,50,51,52,669,671,26,67);
aWE("lac",599);
aWE("lack",520,521);
aWE("lamp",517);
aWE("landcap",55);
aWE("landscap",54,55);
aWE("languag",0,605,416,426,4,227);
aWE("laplacian",246,245,244,218,149,176);
aWE("laptop",585,599,587,589,588,623,631,427,598);
aWE("larg",230,513,246,245,244,614,274,543,303,306,536,562,342,58,343,606,609,218,363,656,617,388,394,397,398,688,409,689,299,427,690,445,692,666,473,667,481,201,693,484,486,203,671,674,63,67);
aWE("largest",316,440,517);
aWE("las",510,632,512,246,245,244,614,291,294,595,533,554,596,577,563,537,342,630,134,135,583,621,218,361,362,548,573,588,590,531,549,575,618,440,692,61,664,620,194,517,693,640,672,67);
aWE("laseroff",134,218);
aWE("laseron",135,218);
aWE("lasersensor",0);
aWE("lasso",514,515,328,342,516,619,669,67);
aWE("last",64,510,513,614,518,528,519,520,521,522,523,524,525,526,527,88,89,17,90,94,97,98,99,100,27,271,676,684,109,221,266,329,557,558,536,562,7,58,650,346,630,42,609,621,218,139,140,141,142,588,378,379,384,689,419,297,429,430,50,664,189,517,493,26,67);
aWE("lastpt",98);
aWE("lastptlength",98);
aWE("lastptratio",98);
aWE("lat",1);
aWE("late",266,329,346);
aWE("lateral",678,313);
aWE("lateralarea",313);
aWE("latest",623,631,160,627,672);
aWE("launch",230,56,10,233,92,109,59,60,12,218,427,436,14,226);
aWE("lay",265,519,525,526,676,268,687,370,400,433);
aWE("layout",613,692,620);
aWE("lead",246,245,599,601,603,316,317,318,319,320,323,324,325,1,7,607,573,397,398,403,416,423,626,517,627,493);
aWE("least",518,528,521,522,523,525,527,330,687,617,370,403);
aWE("leath",61,664);
aWE("leav",513,259,17,266,329,536,562,336,41,8,650,346,349,357,224,517,496,55);
aWE("led",614,621,548,625,626,627);
aWE("ledg",19);
aWE("left",513,0,613,250,252,610,611,599,260,92,271,28,274,287,292,308,647,312,327,39,328,266,329,330,269,333,536,562,65,342,40,58,59,344,650,346,351,605,136,353,354,651,652,609,357,218,2,574,589,623,658,370,376,379,382,387,46,659,399,660,402,404,405,406,407,411,412,413,414,416,297,298,422,423,424,4,434,50,456,61,664,619,665,465,466,474,667,227,517,482,487,488,669,670,495,54,672,673,674,67,55,506,509);
aWE("leg",585,579);
aWE("legal",19,55);
aWE("length",0,249,525,526,91,96,98,99,100,676,104,678,679,680,683,684,34,313,342,1,58,352,218,2,590,531,549,575,372,374,375,378,410,416,418,428,4,431,181,666,473,486,203,67,55);
aWE("les",510,513,246,245,614,249,518,519,522,523,525,526,527,514,104,29,515,342,343,356,652,606,218,656,388,389,392,393,394,397,155,516,409,410,412,413,414,416,423,299,158,439,440,166,470,486,203,490,674,55);
aWE("let",19,557,141,412,413,414,415,461,668,671,55);
aWE("letter",55);
aWE("leuven",64);
aWE("level",614,294,109,310,647,595,533,554,596,577,563,537,405,409,297,618,457,61,664,180,466,517,484,671,67);
aWE("li",528,519,525,526,514,678,683,684,515,352,374,377,378,400,431,433,517,671);
aWE("liabl",64);
aWE("librari",67);
aWE("library",601);
aWE("lieu",64);
aWE("light",510,512,513,250,252,599,677,678,679,680,681,682,683,684,685,289,326,595,533,554,596,577,563,537,342,1,354,355,621,359,360,635,548,573,588,366,295,421,4,443,61,664,620,640,671,672,674);
aWE("lik",513,243,238,614,644,292,308,36,313,37,316,328,563,1,343,345,654,657,385,529,224,411,417,297,431,434,620,466,468,227,492,673,67,55);
aWE("like",632,61,664,640);
aWE("limit",510,614,514,287,221,515,333,552,536,562,596,577,563,537,343,345,609,621,139,140,141,142,143,687,397,398,155,156,516,224,631,416,418,423,299,222,473,517,669,492,67);
aWE("limitation",221,609,67);
aWE("limitedg",120,224,222,223,227);
aWE("lin",265,70,0,614,518,528,522,523,524,525,612,255,17,90,91,94,96,97,98,99,100,267,271,274,645,676,677,678,679,680,681,683,684,287,289,290,293,308,310,313,320,321,322,328,266,333,552,536,562,563,342,344,650,346,351,352,356,137,609,218,360,654,139,656,366,617,370,374,375,376,377,378,379,400,224,47,410,411,689,417,418,419,295,421,297,298,425,4,431,433,434,447,450,161,163,453,457,692,664,465,468,474,667,480,226,227,517,693,668,694,671,228,54,672,674,67,55);
aWE("line_nam",313);
aWE("line1",96,98,376);
aWE("line1index",96);
aWE("line2",96,376);
aWE("line2index",96);
aWE("linear",510,561,535,342,356,137,218,689,618,692,663,693,67);
aWE("linearsmp",137,218);
aWE("lineindex",91,98,100);
aWE("linit",224);
aWE("link",65,609,621,581,598);
aWE("liquid",548,573,588);
aWE("list",265,230,19,233,68,518,519,525,526,24,17,91,92,97,27,274,29,677,678,679,680,681,682,683,684,685,32,686,312,648,317,266,329,330,268,557,558,559,536,562,124,336,65,131,338,342,40,58,59,343,650,346,218,219,623,44,45,616,370,373,374,375,377,378,379,383,395,46,13,402,412,413,414,416,417,295,426,428,618,539,566,49,50,457,222,225,468,474,194,15,667,226,227,550,592,540,669,67,675,55);
aWE("listbox",230,511,519,520,521,523,525,526,527,24,259,17,274,677,678,679,680,681,682,683,684,685,557,536,562,596,577,563,537,59,8,358,416,539,566,436,669);
aWE("lit",512,614);
aWE("littl",230,599,309,593,484,493);
aWE("ll",41);
aWE("lmb",44,45,299);
aWE("load",512,513,88,28,29,648,266,329,557,536,562,596,577,563,537,1,7,41,8,346,42,218,363,2,657,396,224,631,297,425,4,430,222,168,169,664,627,668,669,26,67);
aWE("local",0,246,245,611,646,564,337,345,634,385,637,402,4,461,174,668,16,641,643,493);
aWE("localils",598);
aWE("localis",510,511,632,512,513,0,613,614,518,528,519,520,521,522,523,524,525,526,527,611,599,514,291,292,294,108,686,313,601,603,515,530,546,586,568,569,587,594,532,553,576,555,556,557,558,559,596,577,563,342,8,630,542,583,571,651,652,606,602,604,600,609,621,139,140,141,142,607,548,574,573,588,591,615,616,617,529,637,412,413,414,423,424,551,618,430,61,664,620,471,194,226,517,668,608,694,628,642,499,672,67,581,598);
aWE("localisation",0);
aWE("localiser",510,513,603,559,596,577,563,605,542,583,571,621,588,631,67);
aWE("localisermenu",520);
aWE("locat",599,260,272,290,291,294,646,647,312,536,562,1,58,218,2,591,617,388,389,390,391,659,660,295,50,457,61,664,619,465,468,666,185,672,673);
aWE("location",0,528,523,611,308,653,365,591,616,617,386,425,434,61,664,667,550,592,540);
aWE("lock",230,248,599,256,313,570,547,342,343,630,621,138,357,218,588,367,591,433,474,667,694,670,671,228,499,67,675);
aWE("log",70,109,221,111,557,342,1,634,218,2,657,430,225,223,67);
aWE("logfil",221);
aWE("logical",481);
aWE("logo",64,0,4,50,55);
aWE("long",230,316,268,218,363,656,617,427,483,202,485,694,55);
aWE("look",21,1,548,573,588,394,620,693,484,641,674,67);
aWE("loos",250);
aWE("los",0,4);
aWE("lost",64,513,363);
aWE("lot",6,621);
aWE("low",246,245,244,614,17,312,319,323,596,577,563,537,58,363,143,43,659,660,418,295,61,664,665,466,467,473,474,667,227,673,67);
aWE("lower",664);
aWE("lowercas",55);
aWE("lowest",0,260,310,647);
aWE("lp",294);
aWE("lt",55);
aWE("ltd",54,55);
aWE("ly",59,376,4);
aWE("m",245,342,5,350,133,220,149,667);
aWE("m1",617);
aWE("m2",617);
aWE("machin",559,634);
aWE("macro",221,111,124,131,342,630,218,219,358,220,139,140,141,142,145,657,224,222,170,225,667,223,226,227,517,201,669,228,672,67);
aWE("magenta",360,295);
aWE("magma",623);
aWE("magnetic",550,592,540);
aWE("magnifi",218,672,674,505,215);
aWE("magnitud",345,385);
aWE("mail",621,437,67);
aWE("main",69,70,56,72,73,74,75,76,77,78,79,81,249,584,82,83,84,24,86,87,88,89,17,90,91,93,94,95,96,97,98,99,100,101,102,103,104,105,106,107,300,110,646,308,221,112,113,647,35,115,117,119,120,39,328,266,329,121,332,530,546,586,568,569,587,596,124,125,128,129,130,131,132,1,58,59,8,650,346,349,133,60,136,137,609,218,143,656,147,148,149,616,617,150,151,152,153,154,155,156,224,157,406,411,427,691,434,158,159,160,440,161,162,164,165,166,167,170,171,172,174,620,175,176,177,178,179,180,181,182,183,185,186,187,188,189,190,191,192,193,196,198,199,200,202,203,671,204,205,207,210,62,674,63,695,212,213,67,598,214,215,216,217);
aWE("mainboard",623);
aWE("mainimag",54,55);
aWE("maintain",255,602,604,600,609,433,459,608);
aWE("maintenanc",67);
aWE("major",290,295,298);
aWE("mak",513,585,514,28,544,287,290,308,310,312,545,266,329,594,532,553,576,40,7,41,343,8,650,346,621,2,366,617,639,421,298,422,424,428,551,434,50,620,225,465,466,474,667,485,579,67,55);
aWE("mal",599);
aWE("malfunction",622);
aWE("man",621,516);
aWE("manag",68,647,336,655,623,13,631,667,627,67);
aWE("management",623,427);
aWE("manipulat",58,661,669,672,695,675);
aWE("manipulation",656,657,658,399,456,67,675);
aWE("manual",70,21,22,599,17,271,29,109,601,603,321,322,38,266,329,333,556,596,577,563,537,342,1,41,650,346,66,605,604,600,219,607,370,373,383,516,224,661,295,4,430,436,662,457,225,667,517,668,641,671,228,492,67,55);
aWE("manufactur",512,599,601,603,333,596,577,563,537,606,607,623);
aWE("manufacturer",512,513,599,621);
aWE("map",17,514,317,318,319,320,323,324,325,330,558,7,345,4,14,492,67);
aWE("mark",229,510,513,233,235,250,252,684,279,282,285,286,290,291,293,294,300,301,312,36,266,329,558,334,335,1,346,630,352,609,357,623,616,617,224,402,403,409,295,432,441,442,462,465,468,476,227,694,670,671,497,675,55);
aWE("market",564,637,668,16,641);
aWE("mat",234,235,236,255,280,281,282,266,329,338,343,346,348,356,363,395,295,427,454,457,459,663,463,469,476,481,670,671,490,672,501,502,67);
aWE("match",632,513,633,599,514,515,329,529,442,49,473);
aWE("material",64,510,511,0,596,577,563,537,342,59,41,218,359,360,420,295,4,194,671);
aWE("matric",259,266,346,655,195);
aWE("matrix",230,234,235,272,313,266,329,330,268,269,346,347,655,365,367,431,475,226,694,671,492);
aWE("matt",614);
aWE("max",0,524,24,17,514,36,116,317,318,319,320,323,324,325,515,595,533,554,5,6,58,41,8,345,12,609,590,531,549,575,516,299,618,222,15,51,67);
aWE("max_edg",224);
aWE("maxdist",70,87,104,124,155,156,222,225);
aWE("maxedg",104,120,224,222,223,227);
aWE("maxedgelength",104,203);
aWE("maxedgetyp",203);
aWE("maximal",528);
aWE("maximiz",297);
aWE("maximum",229,230,70,510,246,245,614,249,524,255,87,17,104,312,317,318,319,320,323,324,325,595,560,534,561,535,596,577,563,537,131,41,345,12,218,635,43,148,385,395,397,398,400,631,410,297,299,424,433,158,662,439,440,166,167,181,465,471,473,183,190,192,193,51,52,486,203,490,204,494,503,213);
aWE("maxpoint",139,140,141,142,224);
aWE("maxx",313,324,465,195,227);
aWE("maxy",313,324,465,195,227);
aWE("maxz",313,324,465,195,227);
aWE("mca",510,558,559,542,609,607,67);
aWE("mcl",512,594,532,553,576);
aWE("mean",243,246,245,244,250,252,68,526,17,91,96,98,100,271,104,678,679,683,684,686,317,318,319,320,321,322,323,324,325,326,266,329,556,557,536,562,563,537,65,58,346,348,652,2,687,548,658,397,398,399,402,624,638,689,417,295,299,439,456,461,465,466,467,474,223,227,485,492,499,55);
aWE("meaningful",329);
aWE("meanwhil",315,266,329,346);
aWE("measur",512,528,519,520,521,523,525,526,527,599,87,88,89,92,644,514,280,281,282,283,284,285,287,601,603,317,318,319,320,321,322,323,324,325,515,333,559,338,352,606,218,653,654,141,142,607,548,573,588,615,616,617,395,516,404,405,407,417,420,441,667,517,668,669,54,67,55);
aWE("measure_2dlin",218,139,224);
aWE("measure_2dpoint",218,140,224);
aWE("measure_circl",218,141);
aWE("measure_plan",218,142,224);
aWE("measurement",513,0,519,525,526,611,290,653,141,142,366,43,617,420,421,428,50,67);
aWE("mechanical",614,599,601,603,607);
aWE("mechanism",17,588,67);
aWE("median",244,321,342,218,361,362,661,159,663);
aWE("medium",343,457);
aWE("meet",631,503,67);
aWE("memory",614,623,397,398,402,638,631,664,67);
aWE("mention",0,33,34,603,6);
aWE("menu",9,69,229,232,70,56,10,234,235,71,72,21,22,73,74,75,76,77,78,79,81,248,613,614,82,518,528,519,520,521,522,523,524,525,526,527,256,83,84,25,86,87,88,89,90,91,93,94,95,96,97,98,99,100,644,101,264,263,514,272,102,103,645,676,275,104,105,106,278,107,279,30,280,281,282,31,283,284,285,286,287,289,291,292,294,108,110,303,304,305,306,307,646,33,34,112,113,647,114,115,116,117,118,119,648,11,120,515,326,327,38,39,266,329,121,333,122,559,124,649,334,335,125,126,127,128,336,129,65,130,131,338,132,57,6,7,58,343,650,346,347,348,133,351,630,60,352,12,42,136,137,634,651,652,606,621,138,357,218,219,359,360,653,654,139,140,141,142,655,143,656,364,548,573,588,365,367,366,341,146,657,658,147,148,149,617,150,151,384,386,152,388,389,390,391,392,393,394,153,154,155,156,3,13,399,400,516,157,661,296,412,413,414,299,429,690,618,430,431,432,158,159,160,662,625,441,442,444,443,445,446,449,448,447,161,162,14,163,453,454,164,165,166,167,456,170,171,460,172,174,663,61,664,619,175,176,177,178,179,180,181,182,462,463,468,666,469,471,183,184,185,186,187,188,189,190,191,192,193,475,194,15,667,476,223,196,197,198,479,480,226,517,199,200,484,202,203,668,16,489,669,670,671,204,228,205,494,495,496,206,207,497,208,210,499,53,211,26,500,672,673,62,674,63,695,212,213,67,675,504,505,506,507,508,509,214,215,216,217);
aWE("merg",0,243,686,316,342,1,351,218,363,143,2,397,398,3,224,410,661,4,691,438,440,50,692,663,477,227,485,67);
aWE("merge_log",67);
aWE("merged_",224);
aWE("merged_object",228);
aWE("merged_scan1",224);
aWE("merged_scan2",224);
aWE("meridian",609);
aWE("mesh",230,0,234,235,243,237,238,239,240,241,242,73,74,75,76,77,78,79,245,244,249,253,82,260,87,17,270,271,274,103,104,682,277,276,105,287,289,293,646,308,310,113,647,686,312,115,313,314,316,120,317,318,319,320,323,324,325,326,328,266,329,332,333,561,335,130,131,339,340,342,1,7,59,41,343,8,344,345,346,352,357,218,359,360,654,363,143,2,687,656,147,148,149,385,387,152,388,389,390,391,392,393,394,395,397,398,155,400,408,47,688,409,410,411,689,661,295,4,691,431,433,434,158,436,662,438,439,440,442,444,443,445,446,449,448,447,450,161,451,162,165,166,167,461,692,663,178,180,464,465,466,666,472,184,186,187,192,667,476,477,198,227,482,199,484,202,485,486,203,489,669,671,228,494,495,209,672,674,695,212,501,503,213,67);
aWE("mesh_nam",313);
aWE("mesh1",224);
aWE("mesh1_ready",224);
aWE("messag",632,234,235,236,23,518,519,520,521,522,523,525,526,527,256,267,29,279,286,108,109,221,603,317,318,319,322,266,329,536,562,596,41,346,630,634,621,218,140,144,622,402,624,638,419,425,436,626,517,627,641,628,67);
aWE("met",313);
aWE("metal",519,141,420,295,194,67);
aWE("method",511,518,528,519,520,521,523,524,525,526,527,87,17,90,91,93,94,95,96,97,98,99,271,645,104,314,316,120,266,329,330,561,563,6,343,8,344,650,346,609,218,219,140,141,142,655,369,370,371,372,374,375,376,377,378,379,380,381,382,398,156,400,224,661,417,433,222,466,15,223,227,201,203,608,694,67);
aWE("metri",64,510,558,559,564,65,542,609,607,636,637,631,641,67,55);
aWE("metric",322,428,67);
aWE("metrismca",558,563,609,607,67);
aWE("metrology",54,55);
aWE("micromet",313);
aWE("micron",109,621);
aWE("microphon",567,548,573,588,415,580);
aWE("microsoft",36,313,37,548,573,588,631,639,415,416,669);
aWE("mid",313,531,549,378);
aWE("middl",614,599,98,274,344,351,658,372,376,378,379,384,399,297,429,431,457,667,495,67,506);
aWE("midpoint",131,395);
aWE("midpt",98);
aWE("might",131);
aWE("milligrad",416);
aWE("millimet",313);
aWE("millimetr",0,313,341);
aWE("million",388,299,484);
aWE("min",243,24,17,317,318,319,323,325,595,533,554,5,1,58,8,12,590,531,549,575,299,52,67);
aWE("mind",266,329,346,550,592,540);
aWE("mindist",213);
aWE("mini",550,592,540);
aWE("miniatur",582,567,572,573,588,550,592,540);
aWE("minidin",598);
aWE("minimal",266,329,650,346);
aWE("minimis",513,675);
aWE("minimisation",2);
aWE("minimiz",297);
aWE("minimum",249,255,595,558,596,577,563,537,139,140,141,142,43,402,631,619,180,181,465,466,473,183,190);
aWE("minor",290,295,298);
aWE("minpnt",73);
aWE("mintri",155,167,180,227);
aWE("minu",17,339,340,58,507);
aWE("minut",512,513,17,221,416,517,627);
aWE("minx",313,324,465,195,227);
aWE("miny",313,324,465,195,227);
aWE("minz",313,324,465,195,227);
aWE("mirror",646,342,218,364,145,461,67);
aWE("mis",243,614,633,316,120,609,621,218,220,635,374,224,473,485,643);
aWE("miscellaneou",691,671,67);
aWE("mistak",225);
aWE("misus",64);
aWE("mix",21,219,618,225);
aWE("mm",510,512,19,0,236,80,614,93,94,98,290,313,533,554,558,559,561,535,596,577,563,537,1,345,651,609,621,143,2,548,590,531,549,575,375,377,378,382,224,631,419,428,430,457,664,473,227,517,486,627,54,67,55);
aWE("mmc",595,533,554,537,59,668,16,669,67);
aWE("mmd",541,510,512,513,595,533,554,563,537,59,397,668,16,669,67);
aWE("mmd100_sph_10",109);
aWE("mmib",584,585,603,586,568,569,587,596,577,563,537,630,622,574,589,573,588,623,625,626,627,592,642,67,581,598);
aWE("mmp",539,566);
aWE("mmw",510);
aWE("mmx",567,510,59,573,668,16,669);
aWE("mmy",642);
aWE("mmz",582,510,595,533,554,59,630,588,591,638,593,668,16,669);
aWE("mod",56,10,233,21,22,23,614,250,251,252,518,528,519,520,521,522,523,524,525,526,527,24,25,17,644,27,271,28,274,677,678,679,680,681,682,683,684,685,30,31,32,287,289,290,293,108,109,304,306,307,33,34,308,111,112,35,114,36,37,315,11,317,318,319,320,323,324,325,38,39,328,266,329,332,333,122,557,560,534,536,562,563,65,342,5,40,57,6,7,58,59,41,343,8,344,650,346,351,630,60,352,12,42,354,652,604,621,138,218,359,654,655,687,548,573,588,43,658,44,45,617,369,371,372,374,376,378,380,381,382,388,389,390,391,392,393,394,397,398,46,399,660,638,403,404,405,406,407,408,47,688,411,689,416,418,295,421,297,422,299,424,690,434,662,49,444,443,445,446,449,448,447,450,50,456,692,61,664,619,665,465,466,666,474,187,15,667,223,51,52,226,693,484,668,16,489,669,671,493,495,206,53,26,672,673,62,674,63,67,675,506,509);
aWE("model",230,70,614,87,17,313,266,329,563,131,7,59,41,8,344,346,66,609,357,218,359,364,615,395,396,424,691,664,225,482,669,495,26,67);
aWE("model_1",131);
aWE("modelmak",64,582,567,541,510,512,613,614,611,612,514,312,115,515,530,546,586,568,569,587,555,560,534,561,562,542,583,571,606,548,622,574,589,573,588,590,531,549,575,623,615,616,395,396,516,625,61,664,620,473,693,579,640,550,592,540,608,672,580,67);
aWE("modelmakerd",288);
aWE("modifi",9,246,245,244,257,258,28,29,313,326,266,329,59,345,346,347,356,218,361,362,365,341,146,385,386,430,163,501,502,67,675,55);
aWE("modification",64,266,329,557,346,656,61,664,620,666,492,493);
aWE("modify",287,33,34,266,329,333,342,6,346,60,352,12,218,653,365,367,366,341,146,13,163,667,671);
aWE("modifylabel",34);
aWE("modifywith",146,163);
aWE("modradiu",218,146);
aWE("modul",221,111,530,546,586,568,41,218,219,657,3,222,170,667,223,67);
aWE("moment",287,333,384,429,692,693);
aWE("monarch",19);
aWE("monitor",513);
aWE("most",345,385);
aWE("motion",514,515,516,517);
aWE("mount",582,567,541,511,512,513,585,599,543,544,545,601,603,606,609,607,572,574,573,588,591,616,617,593,579,550,592,540);
aWE("mous",56,610,611,599,644,271,274,287,292,33,34,308,647,328,333,563,59,343,344,351,605,60,352,354,658,399,403,404,405,406,407,408,47,411,661,299,434,456,664,666,195,667,487,488,669,495,672,673,674,67,506,509);
aWE("mouth",548,573,588);
aWE("mov",230,70,512,513,21,22,613,614,599,287,292,646,33,34,308,266,333,5,58,59,346,352,651,652,606,609,218,607,635,623,44,45,617,387,397,46,13,399,157,401,408,412,413,414,421,298,422,299,424,434,457,61,664,665,471,473,517,669,672,674,67,675,55,506);
aWE("movabl",266,329,346,67);
aWE("movement",230,510,513,613,599,514,677,678,679,680,681,683,684,515,266,346,652,609,516,299,664,669);
aWE("msh",312,115,395,396,227);
aWE("mshavg",203);
aWE("mshnormalsinv",218,147);
aWE("mshnormalsunify",218,148);
aWE("mshrednois",220);
aWE("mshrednoiseavg",218,220,149,227);
aWE("mspx",631);
aWE("much",510,614,621,635,403,450,67);
aWE("multi",615,616,617,631,413,664,227,668,695,67,675);
aWE("multipl",233,260,29,279,32,286,646,221,315,321,322,122,342,6,357,657,375,379,46,224,427,442,222,692,225,468,227,668,671,493,496,54,26,67,55);
aWE("multipli",246,245,259);
aWE("multiply",606);
aWE("multisit",664,67);
aWE("must",510,512,513,80,246,245,614,17,94,274,277,276,109,308,317,322,328,266,329,563,537,1,7,41,8,650,346,634,621,357,2,548,573,588,623,616,617,370,373,375,376,377,379,383,529,411,415,295,434,625,439,440,166,167,222,194,667,485,671,503,213,67);
aWE("mutual",672);
aWE("mw",590,575);
aWE("mx400",631);
aWE("mx440",631);
aWE("my",623,224,631);
aWE("mylogo",55);
aWE("mymesh_1",228);
aWE("mymesh_2",228);
aWE("mymesh_3",228);
aWE("myscript",358,170);
aWE("n",64,0,243,259,92,677,678,679,680,681,683,684,685,277,276,293,34,313,266,329,330,268,536,562,336,342,1,650,346,218,220,655,2,368,150,370,373,375,377,379,383,299,667,482,201,694,492,672,673,67,55);
aWE("n_wcp_x",1);
aWE("n_wcp_y",1);
aWE("n1",0);
aWE("n2",0);
aWE("nam",265,70,512,513,0,71,68,84,24,259,260,87,90,91,92,93,94,95,96,97,98,99,100,270,27,272,28,103,29,277,276,105,106,109,221,115,313,37,116,117,118,648,11,327,39,266,329,330,268,269,122,594,532,553,576,533,554,557,558,536,562,124,126,127,336,65,130,131,132,342,40,1,58,59,650,346,630,352,634,138,357,218,358,220,139,140,141,142,2,146,657,368,370,373,375,377,379,383,153,154,224,295,421,422,425,428,4,618,539,566,430,431,442,49,50,163,222,169,170,460,172,173,61,664,225,184,186,194,667,223,51,52,197,479,480,227,517,482,201,694,671,228,492,206,208,209,499,211,54,672,673,67,55);
aWE("name_of_pag",37);
aWE("name_of_transformation",313);
aWE("nativ",686);
aWE("navigat",65);
aWE("navigation",67);
aWE("ne",229,510,512,513,243,518,519,525,526,17,264,28,314,315,564,58,66,630,621,573,588,44,45,617,370,403,417,297,427,428,436,50,664,620,665,223,477,517,493,55);
aWE("nearest",613,620,501,502);
aWE("necessary",512,513,233,518,528,519,520,521,522,523,524,525,526,527,17,271,28,646,603,266,329,536,562,343,650,346,602,604,600,609,357,615,616,617,369,370,371,372,374,375,376,377,379,380,381,403,168,619,225,471,517,627,694);
aWE("need",510,512,233,613,17,29,108,317,318,319,320,323,324,325,266,329,559,564,337,1,346,616,378,529,631,692,474,608,493,67,55);
aWE("negativ",0,80,93,94,98,12,375,376,377,382,461,52);
aWE("negoffset",80);
aWE("neighbor",104,2);
aWE("neighborhood",1);
aWE("neighbour",246,245,244,249,131,345,218,656,385,395,397,398,409,410,689,448,459,619,180,466,666,227,671,494,674);
aWE("neighbourdistanc",131);
aWE("neighbourhood",409,180,466);
aWE("nest",201);
aWE("network",599,631,55);
aWE("nev",427,620);
aWE("nevertheles",599,601,603,607,548,573,588);
aWE("new",69,229,230,511,513,22,599,259,17,90,91,92,93,94,95,96,97,98,99,100,262,263,270,27,271,28,273,102,274,103,645,676,275,29,677,678,679,680,681,682,683,684,685,277,276,109,646,33,686,648,38,266,329,330,268,269,123,570,547,594,532,553,576,557,558,564,336,342,7,58,41,8,650,346,66,354,609,621,218,359,363,2,656,572,341,146,617,368,150,369,370,371,372,373,374,375,376,377,378,379,380,381,382,383,151,386,153,637,13,157,401,412,413,414,295,428,618,539,566,163,457,460,61,664,225,474,183,189,190,15,667,517,482,483,669,694,671,54,26,672,673,674,212,501,502,67,55);
aWE("newentity",69,212);
aWE("newentityfromsel",218,151);
aWE("next",250,252,519,520,521,522,523,524,525,527,17,92,28,677,678,679,680,681,683,684,685,287,289,290,293,303,304,305,306,307,308,328,266,329,333,334,335,342,1,6,58,343,650,346,352,354,634,2,366,615,616,617,384,388,389,390,391,392,393,394,3,406,411,295,421,429,539,566,434,50,462,463,667,517,484,608,671,672,674);
aWE("nin",510,538,565,650);
aWE("no1",201);
aWE("no2",201);
aWE("nod",271,303,304,305,306,307,342,351,689,296,454,666,470,671);
aWE("nois",246,245,244,249,316,595,554,563,342,41,343,345,218,361,362,363,656,149,385,397,398,155,156,409,661,691,158,159,692,663,176,466,667,227,486,67);
aWE("noisy",345,361,362,548,573,588,466);
aWE("nominal",0,1,357);
aWE("non",80,81,250,251,252,585,82,83,85,86,88,89,17,101,102,107,292,109,110,305,114,119,121,596,577,563,537,125,128,129,342,58,133,134,135,136,144,147,150,151,157,416,160,161,162,164,165,168,169,171,173,619,175,177,178,179,666,469,188,191,667,196,198,199,200,201,202,579,671,205,207,210,675,214,215,216,217);
aWE("nonsingular",347);
aWE("normal",510,512,513,614,518,528,519,520,521,610,522,523,525,526,527,611,612,87,17,93,514,676,29,677,678,679,680,681,683,684,293,646,114,313,322,323,515,326,327,266,268,332,536,562,596,577,563,537,342,1,58,8,650,345,346,348,60,352,12,621,218,2,687,656,146,147,148,617,369,370,372,374,376,377,382,385,386,387,152,391,392,393,394,400,516,404,409,416,299,4,691,431,433,438,443,163,453,692,663,664,175,180,182,466,467,666,187,667,201,671,492,494,495,54,672,674,67,55);
aWE("north",665);
aWE("not",265,229,230,18,510,512,513,19,0,21,22,250,518,528,519,520,521,523,524,525,526,527,599,260,17,275,29,677,678,679,680,681,682,683,684,685,32,286,287,292,294,109,646,34,310,312,36,117,314,316,317,318,319,320,322,323,324,325,38,266,329,330,269,333,556,557,558,559,560,534,536,562,563,537,564,65,131,1,58,41,650,346,351,60,352,12,42,600,609,219,363,2,145,548,573,588,365,367,591,658,370,377,393,394,395,46,399,224,401,631,639,410,412,413,414,295,421,425,428,4,430,434,436,48,446,456,457,222,168,169,461,61,664,464,465,466,467,468,666,470,471,472,473,474,183,189,190,15,195,667,223,477,227,517,201,627,669,671,228,492,494,26,500,672,674,67,55,506);
aWE("notepad",169);
aWE("notic",64,65,531,549);
aWE("notification",558,596,415,419,67);
aWE("now",512,513,613,614,68,528,526,599,17,514,515,41,634,573,588,617,374,516,425,61,664,225,223,517,67);
aWE("npoint",201);
aWE("nr",0,54,55);
aWE("nt",636);
aWE("null",430,664);
aWE("num",667,505,507,215,216);
aWE("numb",230,70,510,632,512,513,0,243,73,80,246,245,244,614,249,633,255,24,259,17,27,104,29,677,678,679,681,683,684,685,277,276,290,109,113,313,648,316,120,39,266,329,330,268,570,547,594,532,553,576,561,535,536,562,596,577,563,537,564,336,65,342,1,41,343,8,650,345,346,349,351,356,609,621,218,358,139,140,141,142,2,656,149,615,617,368,370,373,375,377,379,383,385,388,389,390,391,392,394,397,398,155,156,400,516,47,410,661,416,418,421,422,423,299,4,430,431,433,158,436,440,167,458,222,459,692,664,176,180,466,666,470,481,517,482,484,592,641,671,490,54,673,674,67,55);
aWE("number",513,0,267,543,570,547,621,617,416,423,4,436,67,55);
aWE("numeric",421,422,222,667);
aWE("numerical",513);
aWE("numerou",290);
aWE("numpatch",313);
aWE("numpoint",313);
aWE("numstrip",313);
aWE("numtriangl",313);
aWE("nvidia",631,67);
aWE("nx",352);
aWE("ny",352);
aWE("nz",352);
aWE("o",131,342,5,2,589,395,153,396,154,667,627,592,598,507,216);
aWE("obey",220);
aWE("obj",312,115,395,67);
aWE("object",582,567,541,18,234,235,21,22,237,238,239,240,241,242,613,614,250,252,518,528,519,520,521,610,522,524,527,267,270,271,543,544,104,29,277,276,290,293,308,310,313,322,326,328,329,269,332,538,565,578,597,560,534,334,40,41,8,347,348,349,354,355,621,357,218,359,360,656,635,615,378,529,388,389,390,391,392,393,394,400,405,410,411,295,297,299,618,430,433,434,48,440,442,443,445,446,448,447,167,458,461,692,61,664,619,620,462,465,466,473,474,483,199,484,640,671,494,495,496,497,54,672,673,674,67,55);
aWE("object1",55);
aWE("object2",55);
aWE("objectiv",620);
aWE("objectn",55);
aWE("obligatory",1);
aWE("observ",94,606,376,377);
aWE("observation",465,466,474);
aWE("obstacl",625);
aWE("obtain",614,527,599,316,561,535,563,564,662,664);
aWE("occasional",632);
aWE("occupi",363);
aWE("occur",109,557,621,473,641);
aWE("of",236,326,59,410,669,67);
aWE("off",230,23,614,599,289,291,646,34,309,111,112,545,327,332,552,595,554,560,534,561,536,562,596,577,563,537,58,630,134,135,621,218,531,549,617,424,427,222,664,620,187,627,67);
aWE("offer",518,528,519,520,521,523,525,526,527,29,287,33,34,333,352,660,662,457,484,67);
aWE("official",67);
aWE("offlin",17,430,437,26,67);
aWE("offset",230,70,0,80,246,245,518,528,519,520,521,523,527,93,94,98,100,29,646,313,322,323,266,559,342,41,345,346,218,143,2,365,367,374,375,376,377,382,385,386,529,387,152,397,398,155,156,404,4,691,457,461,671,492,67,55);
aWE("offset1",94);
aWE("offset2",94);
aWE("offset3",94);
aWE("offsetpt",218,152);
aWE("offsetx",54,55);
aWE("offsety",54,55);
aWE("often",560,534,621,618);
aWE("ok",17,514,29,515,329,330,558,563,8,345,634,46,402,295,430,667,223,517);
aWE("old",512,594,576,574,295,67);
aWE("oldest",221);
aWE("omission",64);
aWE("omit",518,519,525,526,109,220,227,55);
aWE("on",265,69,64,229,230,513,233,23,614,250,518,528,519,524,525,526,256,24,259,260,86,17,90,91,93,94,96,97,98,99,100,514,272,274,543,544,104,29,677,678,679,680,681,682,683,684,685,286,109,646,33,34,308,647,686,312,115,313,315,322,515,38,328,266,329,330,268,333,556,558,560,534,561,535,536,562,596,577,563,537,564,336,65,7,58,41,343,8,344,650,346,351,605,352,354,609,621,357,218,363,2,687,656,607,364,145,622,588,365,366,43,44,45,617,369,370,371,372,374,376,378,380,381,382,396,398,46,659,3,13,399,400,516,224,631,403,405,406,410,411,689,412,413,414,417,295,431,433,434,435,662,625,456,457,222,692,663,664,620,665,666,189,475,227,517,482,201,486,203,669,671,228,492,493,495,54,26,672,673,63,212,501,502,67,581,55,598,506,509);
aWE("onc",243,237,238,239,240,241,242,528,599,29,287,646,315,333,560,534,345,352,602,617,385,224,401,61,664,517,671,499,55);
aWE("onlin",17,7,437,61,67);
aWE("onto",512,519,525,526,317,573,588,375,379,417,4,517,503);
aWE("opacity",297,298,422,424);
aWE("open",510,511,250,252,254,257,258,287,289,303,304,305,306,307,647,311,312,115,648,38,266,329,332,333,557,334,335,336,131,338,342,344,346,351,605,630,352,354,218,588,617,368,150,395,153,396,154,399,400,224,403,415,416,433,438,456,664,225,462,463,667,484,487,488,669,671,495,672,673,674,695,67,675,506,509);
aWE("opengl",631,297);
aWE("openindoc",218,154,225);
aWE("openoffic",36,313,37);
aWE("operat",613,621,361,362,636,402,631,416,159,625,664,641,643);
aWE("operation",18,510,613,256,267,279,286,646,647,312,315,648,316,326,266,329,560,534,343,650,346,348,651,652,654,363,572,548,573,588,657,658,427,691,436,438,692,61,664,620,473,195,667,486,668,671,493,494,674,580,67);
aWE("operator",313,415,430,671,54,55);
aWE("opportuniti",64);
aWE("opportunity",691);
aWE("opposit",521,525,683,606,602,658,372,376,382,386,399,438,456,67);
aWE("opt",227);
aWE("optical",512,548,573,588,620,67,55);
aWE("optimal",510,17,563,41,60);
aWE("optimis",582,567,541,512,249,563,131,342,41,218,363,656,397,398,155,156,410,691,663,227,67);
aWE("optimisation",104,363,143,397,398,67);
aWE("optimiz",249);
aWE("optimization",67);
aWE("optimum",614,617,61,664);
aWE("option",265,69,64,229,230,70,510,10,0,21,22,243,73,614,249,68,518,519,525,526,24,25,17,275,104,29,289,300,646,34,309,111,112,115,36,116,117,601,315,316,120,317,327,38,266,329,122,570,547,595,533,554,558,559,560,534,561,535,536,562,596,577,563,537,339,340,1,6,58,59,41,650,346,652,621,357,139,140,141,142,363,143,2,365,367,366,341,146,370,372,374,376,378,386,388,389,390,391,392,393,394,395,397,155,156,410,416,417,419,420,295,421,297,298,422,299,424,425,426,427,428,4,436,437,50,163,222,664,665,473,183,185,187,189,190,667,517,203,550,592,540,668,16,669,671,492,496,53,674,63,212,67,581,598,506);
aWE("optional",519,139,140,141,142,420,4,667,669,54);
aWE("optmesh",218,155);
aWE("optscan",124,218,143,156,224,227);
aWE("optscandist",143,224,227);
aWE("optscanptsmp",143,224,227);
aWE("orang",1,360,295,4);
aWE("ord",230,70,510,512,513,236,521,525,611,612,259,17,92,94,267,28,677,681,277,276,109,308,603,326,328,266,329,330,268,594,532,553,576,536,562,596,577,563,336,339,340,342,5,1,41,8,650,345,346,351,355,634,604,357,218,219,2,44,45,616,617,375,376,377,385,529,389,390,400,224,403,411,661,412,413,414,298,433,434,160,662,450,50,454,692,61,465,466,666,474,478,480,481,227,517,627,694,671,672,67);
aWE("order",617,689,661,481);
aWE("ordinary",65,420,201);
aWE("ordinat",265,229,230,510,512,234,235,71,246,245,244,250,528,519,520,521,523,524,527,611,92,95,100,676,29,677,678,679,680,681,682,683,684,685,277,276,105,106,287,290,292,646,34,686,36,313,37,317,318,320,322,323,324,325,327,39,266,329,330,268,269,123,559,338,339,340,650,346,630,352,218,654,364,145,365,367,366,617,370,373,375,377,379,383,529,400,404,405,407,422,423,690,431,433,453,457,461,174,664,465,666,608,669,694,671,492,499,211,673,67);
aWE("org",55);
aWE("organis",686,688,228);
aWE("orient",513,250,252,304,307,269,609,450,671);
aWE("orientat",614,287,329,352,664,494,495);
aWE("orientation",230,70,513,518,528,523,256,272,287,293,686,313,559,651,218,365,375,377,400,403,431,433,453,665,475,226,517,54,672,673,55);
aWE("origin",265,98,100,681,313,322,323,268,269,346,377,224,457,461,55);
aWE("original",69,255,256,274,326,131,1,41,345,348,363,143,2,364,374,395,397,398,155,156,400,410,433,440,461,61,664,482,26,672,212,501,502,503,55);
aWE("orthogonal",265,231,232,247,81,525,17,683,684,290,302,110,268,269,331,121,344,136,353,687,374,375,404,4,164,455,671,492,498,210,672,673);
aWE("os",55);
aWE("ot",223);
aWE("otherwis",0,518,522,523,525,264,287,109,34,333,558,562,59,8,341,386,417,50,456,457,458,461,669,673,501,502);
aWE("our",64,641);
aWE("out",510,511,632,512,513,243,614,249,519,520,521,522,523,524,527,29,316,317,318,319,325,552,342,1,59,41,344,218,139,140,141,142,2,656,616,617,637,3,638,419,299,433,692,664,665,464,195,667,485,608,669,670,672,674,67,506,507,216);
aWE("outermost",591);
aWE("outlay",4);
aWE("outlet",599);
aWE("outlin",613,307,5,6,46,13,295,671);
aWE("outly",361,362,516);
aWE("output",0,28,301,312,1,2,659,3,660,404,405,407,415,416,4,431,50,195,667,672,67);
aWE("output_fil",224);
aWE("outsid",287,292,36,37,116,333,606,43,529,420,456,619,474);
aWE("overall",329,1,617,551);
aWE("overhang",473);
aWE("overlap",230,70,0,614,254,514,312,58,41,218,2,397,398,659,637,660,400,297,4,433,435,662,692,663,61,664,474,669,490,204,643,501,502,67,675);
aWE("overpas",221);
aWE("overrid",652);
aWE("overtighten",593);
aWE("overview",0,3,4);
aWE("overwrit",17,295,297);
aWE("overwritten",24);
aWE("own",513,24,28,574,589,397,398,409,295,442,49,50,478);
aWE("ox",87,17,96,98,99,100,277,276,287,36,313,37,39,344,366,457,458);
aWE("oxy",265,247,81,99,100,29,277,276,287,313,268,331,121,339,340,218,656,364,145,366,672);
aWE("oxyz",226);
aWE("oxz",265,99,100,277,276,287,302,110,268,364,366,498,210,672);
aWE("oy",87,17,96,98,99,100,277,276,287,36,313,37,39,344,366,457,458);
aWE("oyz",265,99,100,29,277,276,287,313,268,136,353,364,366,164,455,672);
aWE("oz",87,17,96,98,99,100,287,36,313,37,39,366,457,458);
aWE("ozx",29,313);
aWE("p",322,561,342,5,408,409,667);
aWE("p08",313);
aWE("pa",631);
aWE("pack",582,584,592);
aWE("packag",28,603,605,607,691,50);
aWE("pad",667);
aWE("paemem",631);
aWE("pag",64,18,56,10,19,0,21,22,23,24,17,27,28,29,30,31,32,33,37,118,603,11,38,65,5,40,1,6,58,60,12,42,604,600,609,218,607,44,45,46,13,425,4,48,49,50,667,53,54,26,67,55);
aWE("pagebutton",44);
aWE("pagenumb",54,55);
aWE("pagesin",40);
aWE("pagevariabl",54,67,55);
aWE("pain",671);
aWE("paint",614,1,2,400,4,618,433,692,620);
aWE("pair",266,329,330,342,1,346,654,404,405,669,67);
aWE("pan",250,252,260,644,27,272,274,32,291,292,294,301,647,312,318,319,320,323,324,325,65,342,6,58,59,41,343,8,344,650,351,134,135,354,652,2,623,43,658,44,45,388,389,390,391,392,393,394,659,399,660,400,404,405,407,295,297,299,618,430,431,433,456,61,664,665,465,466,468,474,195,667,669,671,495,53,672,673,674,695,67,506,509);
aWE("panel",599,333,548,574,589,573,588,660,415,416,297,67);
aWE("pap",19,605,55);
aWE("parallel",265,511,525,526,599,274,29,287,321,322,268,269,333,342,344,346,352,573,588,366,374,375,376,378,379,398,156,400,516,631,661,421,4,433,667,668,67,598);
aWE("parallelepip",403);
aWE("paramet",0,520,521,523,527,90,91,93,94,96,97,98,99,100,274,103,104,678,680,685,108,109,329,122,123,558,1,343,345,609,219,220,139,140,141,142,2,145,374,376,382,153,154,155,400,224,402,631,416,418,423,4,433,222,466,183,189,190,227,485,203,228,55);
aWE("parameter",69,230,70,511,71,72,243,73,74,75,76,77,78,79,80,81,614,82,519,525,526,83,84,85,86,87,88,89,17,90,91,92,93,94,95,96,97,98,99,100,101,102,103,104,677,681,683,684,105,106,107,108,109,110,111,112,113,114,115,116,117,118,119,120,266,329,121,122,123,558,560,534,563,124,125,126,127,128,336,129,130,131,132,1,41,343,8,650,346,133,134,135,136,137,138,218,220,139,140,141,142,655,143,2,144,145,590,531,549,575,146,147,148,149,150,372,377,151,152,153,154,397,398,155,156,400,224,157,639,425,4,618,430,433,158,159,160,161,451,162,163,164,165,166,167,222,168,169,170,171,172,173,174,175,176,225,177,178,179,180,181,182,466,183,184,185,186,187,188,189,190,191,192,193,194,195,223,196,197,198,227,517,199,200,201,202,203,669,694,671,204,228,492,205,206,207,208,209,210,211,212,213,67,214,215,216,217);
aWE("parity",556);
aWE("part",230,243,613,599,262,270,273,677,678,679,680,681,682,683,684,685,278,310,332,538,565,578,597,335,128,41,349,604,600,621,218,363,607,375,377,379,387,400,433,440,457,664,619,620,182,463,467,666,469,471,474,188,191,476,196,579,592,669,671,497,54,672,67,55);
aWE("partial",234,235,236,246,245,244,249,253,255,267,274,277,276,286,646,308,310,648,316,326,328,335,344,345,348,356,361,362,363,385,387,397,398,13,400,410,411,433,434,438,439,440,450,451,454,457,459,461,692,663,463,468,469,476,477,481,482,483,485,486,627,671,490,494,495,497,501,502,503,67);
aWE("particular",230,512,513,104,287,289,686,333,595,533,554,65,7,41,351,352,12,652,359,360,635,374,378,384,410,295,429,618,431,444,443,445,446,449,448,447,222,620,484,671,228,67);
aWE("particulariti",266,329,650,346);
aWE("particularity",63);
aWE("partition",631);
aWE("partn",564,637,402,668,16,641);
aWE("partner",641);
aWE("party",312,655);
aWE("pas",229,18,23,614,274,29,287,109,33,34,686,37,266,329,333,1,650,346,352,374,376,384,689,429,50,61,664,226,67);
aWE("passov",614);
aWE("password",570,547,564,621);
aWE("past",260,262,263,270,273,646,342,66,218,659,157,401,436,225,667,671,503,67);
aWE("patch",0,236,72,614,519,520,521,523,525,526,527,17,686,560,534,561,536,562,342,41,8,621,218,363,143,2,656,635,397,398,155,156,400,688,295,4,433,692,663,61,664,464,473,474,517,483,200,490,204,67);
aWE("path",0,68,28,536,562,65,224,425,620,517,55);
aWE("pattern",513);
aWE("paus",614,519,520,521,610,523,525,526,527,514,515,560,534,536,562,563,8,652,621,548,573,588,617,516,424,61,664,667,226,67);
aWE("pay",428);
aWE("pc",513,585,599,601,603,530,546,586,568,569,587,555,556,557,558,559,563,342,621,548,574,589,573,588,623,402,624,638,631,415,427,430,61,664,627,579,668,16,642,643,67,581,598);
aWE("pcent",104,222,227);
aWE("pci",585,630,622,574,573,588,623,631,626,627,579,592,67,598);
aWE("pci2",623,67,581);
aWE("pcmcia",585,588,623,631,592,598);
aWE("pdf",28,122,7,605,639,4,50,643,67,55);
aWE("pdf995",28,639,50);
aWE("peak",361,362);
aWE("pedal",559,536,562,651,218,144,67);
aWE("peek",246,245);
aWE("pelicas",592);
aWE("penetration",420);
aWE("pentagon",243);
aWE("pentium",631);
aWE("per",512,599,290,292,601,603,536,562,563,218,358,590,575,180,466,666,671,67);
aWE("percent",4,227);
aWE("percentag",0,87,104,563,537,1,43,410,4,227,484,674);
aWE("perfect",66,400,433);
aWE("perform",510,512,513,21,613,519,520,521,523,525,526,527,17,647,315,316,594,532,553,576,558,536,562,1,345,634,357,2,607,365,367,658,616,385,388,389,637,3,400,427,433,620,517,496,673,67);
aWE("performanc",510,512,513,613,610,611,612,514,321,322,515,538,565,578,597,595,533,554,606,602,637,516,631,417,667,517,668,608,67);
aWE("perimet",313);
aWE("period",64);
aWE("permanent",278,279,286);
aWE("permission",634,425);
aWE("perpendicular",599,514,646,323,609,374,517,672,67);
aWE("person",50,579);
aWE("perspectiv",48);
aWE("phas",1);
aWE("physical",615,631,517);
aWE("pick",230,677,678,679,680,681,682,683,684,685,287,266,329,333,596,577,563,537,342,344,650,346,351,352,218,654,366,369,371,372,374,376,378,380,381,382,400,403,404,405,406,407,295,433,436,662,457,666,185,669,495,67);
aWE("pickpoint",681);
aWE("pickpoint1",680);
aWE("pictur",34,558,65,352,651,609,47,517,485,581,598);
aWE("piec",609,550,592,540);
aWE("pii",1,2);
aWE("pin",599,357,574,670,496);
aWE("pink",684,295,4,474,54);
aWE("pip",0,521,1,2,4);
aWE("pipe_01",1,2);
aWE("pipelin",0);
aWE("pir",1,4);
aWE("pixel",290,536,562,298,424);
aWE("plac",18,513,0,21,22,599,262,101,271,273,102,287,292,646,33,314,39,333,595,533,554,564,1,344,606,609,218,588,617,370,379,400,47,421,422,4,433,50,457,671,228,67,55);
aWE("placement",617,55);
aWE("plan",9,265,231,232,18,510,511,632,512,513,236,243,239,242,76,247,81,613,249,518,528,519,522,523,524,525,526,17,90,93,94,97,99,100,514,274,103,645,676,29,677,678,679,680,681,683,684,277,276,105,106,287,302,110,646,308,313,317,321,322,323,515,328,266,268,331,121,560,534,342,5,59,344,650,346,630,352,136,353,621,218,360,654,139,140,141,142,655,687,656,364,145,366,369,370,374,375,376,377,378,379,386,400,516,224,404,405,411,661,417,418,419,420,295,4,431,433,434,48,439,163,453,164,455,166,664,620,667,480,517,668,694,671,228,498,210,672,67);
aWE("planar",528,140,377,378,379,224,417);
aWE("plane_nam",313);
aWE("plane1",376,404);
aWE("plane2",404);
aWE("planeindex",93,100,139,140,141,224);
aWE("plastic",614,295);
aWE("platform",631);
aWE("platinum",510,313,603,557,559,563,571,604,621,591,592);
aWE("play",513,519,520,521,522,523,524,527,563,342,408,415,419,420,667,672,67);
aWE("pleas",510,513,585,68,599,601,603,530,546,586,568,557,564,65,131,1,605,609,621,2,607,548,573,588,637,631,428,4,691,436,437,667,223,579,550,592,540,641,669,228,67,55);
aWE("plenty",616);
aWE("plot",0,24,17,317,318,319,320,323,324,325,515,5,6,58,59,8,345,42,47,4,14,15,26,62,67);
aWE("plu",19,525,526,559,339,340,416,423,505);
aWE("plug",599,573,588,67,598);
aWE("png",4,478,67,55);
aWE("po",0,338,395,67);
aWE("point",265,69,230,70,510,513,56,0,234,235,236,72,21,22,243,237,238,239,240,241,242,73,246,245,244,613,614,249,518,528,519,520,521,610,522,523,524,525,526,527,611,255,599,256,25,260,87,17,90,92,94,95,96,97,98,99,100,514,267,270,271,274,645,676,104,29,677,678,679,680,681,682,683,684,685,277,276,105,106,287,293,303,306,646,33,34,308,647,686,312,115,36,313,37,116,11,317,318,319,320,321,322,323,324,325,515,327,39,328,266,329,330,333,552,557,558,560,534,561,535,536,562,563,124,126,130,131,339,340,132,342,5,1,6,7,58,59,41,343,8,344,650,345,346,351,630,60,352,12,354,356,137,606,602,609,218,360,654,139,140,141,142,655,363,143,2,687,656,635,590,531,549,575,366,43,658,148,617,370,373,374,375,376,377,378,379,382,383,385,529,387,152,388,389,390,391,392,393,394,395,153,154,397,398,155,156,399,400,516,224,403,404,405,406,407,408,47,688,409,410,411,689,661,416,417,418,419,420,295,423,299,4,690,691,618,431,433,434,436,662,442,445,446,50,453,454,456,457,222,459,461,174,692,663,61,664,619,620,180,181,182,464,465,466,467,666,472,473,474,183,185,189,190,15,667,51,52,480,227,517,201,693,484,668,669,694,671,490,204,228,492,494,495,672,673,674,63,212,501,502,67,55,506,509);
aWE("point_1",228);
aWE("point_nam",313);
aWE("point1",90,94,679,680,313);
aWE("point1index",90,94);
aWE("point2",90,94,679,680,313);
aWE("point2index",90,94);
aWE("point3",94,313);
aWE("point3index",94);
aWE("pointallow",528);
aWE("pointcloud_nam",313);
aWE("pointer",351,403,404,405,407);
aWE("pointindex",97,100);
aWE("pointsreferenc",36);
aWE("polygon",243,249,274,103,104,304,306,307,686,326,131,342,218,363,143,656,147,148,395,408,410,411,689,691,431,447,450,666,189,667,486,669,671,490,204,494,672,67);
aWE("polygonal",274,308,328,342,656,406,411,691,434,619,666,189,669);
aWE("polygonis",691);
aWE("polygonr",143,224,227);
aWE("polygonredspc",143,224,227);
aWE("polygontoleranc",204);
aWE("polylin",244,255,260,267,270,271,29,286,287,303,304,305,306,307,646,308,686,312,115,313,314,317,318,319,320,323,324,325,328,333,335,131,342,7,344,351,352,360,654,362,395,400,411,689,661,416,295,431,433,434,442,445,446,447,454,459,461,465,468,666,470,667,476,481,671,228,674,67);
aWE("polyline_nam",313);
aWE("polysurfac",67);
aWE("poor",510,513,246,245,244,361,362,397,398,637,467,473,474);
aWE("pop",519,520,521,523,525,526,527);
aWE("populat",363);
aWE("port",599,601,556,558,621,548,573,588,631,628,67,598);
aWE("portabl",55);
aWE("portion",591);
aWE("portrait",55);
aWE("position",230,70,511,512,513,0,21,22,614,599,256,98,514,272,543,544,684,287,291,292,294,646,33,34,686,36,313,37,603,515,266,329,269,333,558,559,536,562,563,342,40,58,346,352,354,651,606,602,609,621,357,218,655,143,2,656,607,364,548,573,588,44,45,615,617,372,374,376,378,397,398,155,156,13,516,661,412,413,414,297,423,299,4,431,442,453,457,61,664,620,665,468,474,475,481,226,517,694,671,228,495,496,500,672,501,502,67);
aWE("positiv",0,80,94,98,12,341,370,373,375,376,377,382,383,386,404,458,51,55);
aWE("positon",292);
aWE("posoffset",80);
aWE("posses",347);
aWE("possibiliti",528,519,520,521,523,525,526,527,6,372,378,517);
aWE("possibility",29,457,517,67);
aWE("possibl",632,22,94,514,676,279,286,290,316,266,343,346,606,621,219,635,375,376,377,384,636,224,402,403,425,429,440,442,462,667,671,497,67);
aWE("post",250,66,363,427,691,692,67);
aWE("postcard",19);
aWE("postproces",560,534,618);
aWE("potential",1,2,4);
aWE("pow",510,632,512,513,246,245,244,614,584,599,294,601,603,595,533,554,596,577,563,537,583,621,361,362,548,589,573,588,590,531,549,575,616,638,427,618,61,664,626,667,517,627,550,540,67,581,598);
aWE("power",512,599,573,588,627);
aWE("powerful",647);
aWE("powerinspect",338,395,67);
aWE("ppt",0);
aWE("pr",510,4);
aWE("prc",19);
aWE("precaution",548,573,588);
aWE("preced",224,227);
aWE("precedenc",295);
aWE("precedent",645);
aWE("precis",243,1,617);
aWE("precision",510,599,601,603,66,607,548,573,588,67);
aWE("predefin",513,247,81,24,677,678,679,680,681,682,683,684,685,290,302,110,317,325,266,329,331,121,122,40,6,650,346,350,133,136,353,609,218,374,378,13,224,416,295,428,164,455,61,664,225,667,227,228,498,210,672);
aWE("prefer",412,413,414);
aWE("preferenc",518,528,519,520,521,522,523,524,525,526,527,17,677,678,679,680,681,682,683,684,685,287,289,290,292,36,313,37,327,333,342,58,59,352,139,140,141,142,548,573,588,366,388,389,390,391,392,393,394,46,296,412,413,414,415,416,417,418,419,420,295,421,297,298,422,423,299,424,425,426,427,428,168,664,668,16,669,671,674,67,506);
aWE("prefetch",623);
aWE("prefix",536,562,366,421);
aWE("preliminary",233,648,168,460);
aWE("prepar",632,303,454,641,671,67);
aWE("preparation",511,512,615,616,617);
aWE("pres",231,18,510,513,233,243,237,238,239,240,241,242,245,247,614,249,250,518,528,519,520,521,522,523,524,525,526,527,612,599,17,92,262,514,27,272,28,273,274,29,677,678,679,680,681,683,684,685,278,32,287,289,290,293,302,33,34,308,221,310,35,603,315,316,317,318,319,320,322,323,324,325,515,327,328,266,329,330,331,332,538,565,578,597,594,532,553,576,558,559,536,562,564,335,337,65,58,59,343,8,650,345,346,349,350,351,352,353,634,651,602,604,600,609,358,139,140,141,142,622,366,43,44,45,617,368,370,378,379,395,396,46,399,516,401,406,408,47,410,411,296,412,413,414,415,416,295,421,422,425,4,618,430,434,435,48,442,49,444,443,445,446,449,448,447,451,50,455,456,458,222,460,61,664,619,225,665,463,464,465,466,469,474,667,476,223,477,226,517,201,485,486,487,488,489,669,493,498,53,672,503,67,504,505,506,507,508,509);
aWE("prescan",536,562,548,573,588,664,226,67);
aWE("presenc",7,417);
aWE("present",27,266,329,65,58,650,346,219,623,660,426,4,61,664,673,67);
aWE("presentation",67);
aWE("preserv",230,249,262,273,104,345,218,361,362,656,385,410,67);
aWE("pressa",226);
aWE("pressb",226);
aWE("pressing",614);
aWE("pressingctrl",322);
aWE("prevent",243,108,560,534,572,473,67);
aWE("preview",28,676,29,327,6,7,650,345,656,416,421,422,423,424,474,67);
aWE("previou",632,0,17,271,29,646,315,552,536,562,563,342,1,7,343,66,609,218,658,384,399,419,429,4,456,664,464,465,466,467,468,470,471,472,473,474,667,517,669,671,493,205,67);
aWE("previous",613,17,558,7,617,664);
aWE("prim",227);
aWE("primitiv",676,266,329,650,346,694);
aWE("print",0,599,28,1,621,3,639,4,430,437,50,667,478,671,54,67);
aWE("printabl",667,55);
aWE("prior",512,41,8,363);
aWE("privileg",634,639,643);
aWE("pro",131,395,631,67);
aWE("prob",582,567,541,510,632,512,513,613,614,518,528,519,520,521,610,522,523,524,525,526,527,611,599,514,267,271,29,677,678,679,680,681,682,683,684,685,287,292,646,686,313,545,601,603,515,333,555,556,557,558,559,126,342,7,352,606,602,604,600,609,360,139,140,141,142,607,573,588,591,617,529,637,516,688,661,420,295,551,690,431,442,461,664,620,471,226,550,592,540,608,228,674,67);
aWE("probab",466,627);
aWE("probepoints_nam",313);
aWE("problem",64,603,343,621,622,623,636,397,398,224,402,624,638,451,619,473,627,641,669,642,643);
aWE("proce",602);
aWE("procedur",230,510,511,512,513,0,518,528,519,520,521,522,523,524,525,526,527,599,514,109,515,266,329,538,565,578,597,557,558,536,562,1,8,346,606,609,138,2,623,615,616,617,374,378,397,516,4,618,225,517,668,493,206,26);
aWE("proceed",510,512,513,236,410);
aWE("proces",230,70,510,632,512,513,613,614,250,255,599,260,17,28,309,312,601,603,315,316,266,329,333,595,533,554,561,535,536,562,336,1,7,41,343,346,66,42,602,363,2,687,656,607,635,616,397,398,155,156,3,224,638,631,403,661,427,4,691,618,430,436,662,50,692,663,620,225,466,667,579,608,671,493,67);
aWE("processor",402,624,67);
aWE("produc",265,230,510,512,513,236,249,599,561,41,344,218,143,397,398,691,440,692,663,467,473,608,67);
aWE("product",64,28,333,595,533,554,50,641);
aWE("production",26);
aWE("proengine",312,115);
aWE("professional",66,631,639);
aWE("profil",511,0,612,599,538,565,578,597,595,533,554,555,560,534,561,535,596,577,563,537,1,59,621,218,363,400,415,4,618,539,566,433,692,61,664,194,226,693,669,67);
aWE("profilenam",194,226);
aWE("program",68,599,570,547,65,621,623,624,639,296,691,517,67);
aWE("progres",297,67);
aWE("project",265,518,519,525,526,17,99,100,274,313,648,317,39,344,218,139,140,141,656,374,375,378,224,417,430,517,671);
aWE("projection",265,99,679,277,276,105,106,287,218,139,140,141,374,375,378,379,418,673,67);
aWE("prompt",23,519,520,521,523,525,526,527,108,648,139,140,141,142,617,13,224,417,425,61,664,517,67);
aWE("prompt1",201);
aWE("prompt2",201);
aWE("prop",265,528,523,17,277,276,596,577,563,7,41,8,436,61,664,485,67,55);
aWE("proper",64,599,17,7,621,638,425,627);
aWE("properti",614,272,686,313,117,39,269,342,58,650,60,352,12,218,623,402,631,430,431,671,67,55);
aWE("property",39,409,416,431,67);
aWE("proportional",55);
aWE("protect",61,664);
aWE("provid",64,582,567,541,17,333,555,558,1,59,41,654,548,573,588,623,43,3,415,4,663,598);
aWE("proximity",237,238,239,240,241,242);
aWE("prt",131,395);
aWE("prtscr",667);
aWE("pset",115);
aWE("psu",592);
aWE("pt",677,678,679,681,683,684,685,536,562,298,227);
aWE("ptcloud",127,153,154,228);
aWE("ptmaxdist",181);
aWE("ptmindist",181);
aWE("ptprob",126,228);
aWE("ptscp",143);
aWE("ptspc",143,224,227);
aWE("ptstrip",225,228,208);
aWE("ptt",0,4);
aWE("pul",310);
aWE("puls",628);
aWE("purchas",64,573,588,550,592,540);
aWE("purpos",269,224,295,427);
aWE("push",599,357,588,670,496);
aWE("put",230,342,352,653,44,45,432,671);
aWE("pyramid",403);
aWE("q",510,513,619,469,667,492,207,67);
aWE("quadrant",517);
aWE("quadro",631,67);
aWE("qualifi",84,115,116,117,118,130,131,132,153,154,416,425,440,169,170,172);
aWE("qualification",512,109,607,226,517,67);
aWE("qualificationfilenam",109);
aWE("qualify",1);
aWE("quality",582,567,541,230,512,0,249,17,104,560,534,561,536,562,1,41,621,218,656,397,398,410,4,551,692,467,471,473,474,67);
aWE("quart",563);
aWE("quarto",19);
aWE("queri",66);
aWE("question",641);
aWE("queu",639);
aWE("quick",512,613,614,264,680,290,647,266,329,536,562,563,40,344,650,346,606,656,374,378,61,664,620,225,473,475,642,643,674,67);
aWE("quit",630);
aWE("quot",630,220,224,416,194,227,201,55);
aWE("quotation",630,224,227,55);
aWE("r",313,342,5,352,360,617,451,162,164,455,456,667);
aWE("radeon",631);
aWE("radial",342,661,433);
aWE("radian",313);
aWE("radii",526,433);
aWE("radio",510,29,557,574,589,573,588,374);
aWE("radiu",243,238,242,73,528,519,520,521,523,526,527,676,677,678,679,684,685,109,313,317,318,319,325,266,342,343,352,218,141,2,341,146,617,369,370,373,374,382,383,529,416,420,431,433,163,671,67);
aWE("radius",374);
aWE("rainbow",24);
aWE("rais",545,664);
aWE("ram",631,67);
aWE("ran",299);
aWE("random",596);
aWE("rang",513,0,73,246,245,244,614,24,17,104,113,312,36,37,116,329,552,533,554,563,537,6,58,41,343,8,345,12,361,362,2,590,531,549,575,43,149,615,617,385,395,47,409,420,299,4,158,159,440,61,664,176,466,474,183,185,189,190,51,52,517,492,26,67);
aWE("rapid",473);
aWE("rar",632);
aWE("rat",292,556,562,563,621,67);
aWE("rath",249,621,410,481);
aWE("ratio",98,378,428,433,67);
aWE("raw",236,686,561,535,356,363,2,687,395,3,692,490);
aWE("ray",418);
aWE("rdisk",631);
aWE("re",69,89,33,34,570,547,564,352,356,218,2,481,212,501,502,67);
aWE("reach",511,543,558,536,562,621,617,418,664,620);
aWE("react",607);
aWE("read",510,36,313,37,605,639,4,222);
aWE("ready",17,92,266,536,562,650,345,346,607,548,573,588,46,618,619,225,465,466,474,517);
aWE("real",80,614,677,678,679,680,681,682,683,684,685,269,556,561,535,563,8,650,635,529,424,440,473,227);
aWE("rear",230,601,332,557,621,548,574,589,573,588,67);
aWE("rearrang",22,260,28,412,413,414,450,50,664,67);
aWE("reason",621,635,636,626,627,640);
aWE("reboot",639);
aWE("recalculat",317,318,319,320,323,324,325,42,43,428,15,26);
aWE("recalibration",512);
aWE("recaptur",513,609);
aWE("reced",218,672,674,507,216);
aWE("receiv",230,599,552,635,517,628,581,598);
aWE("recent",648,61,664);
aWE("reces",599);
aWE("reciprocal",347);
aWE("recognis",218,153,154,400,433,627);
aWE("recognition",548,573,588,415,627);
aWE("recommend",510,512,513,23,613,514,274,29,310,601,603,316,515,533,560,534,561,535,596,577,563,537,1,604,621,363,2,623,616,636,516,638,692,620,225,471,627,495,67);
aWE("reconfigur",621);
aWE("reconstruct",316,120,1,218);
aWE("record",614,659,225);
aWE("recovery",67);
aWE("rect",525,664,227);
aWE("rectangl",59,343,218,617,295,4,434,666,190,227,669,674,55,509);
aWE("rectangular",236,72,240,77,525,90,91,93,94,96,97,98,99,100,645,676,683,686,313,342,650,352,218,360,380,417,418,295,431,434,163,663,664,619,465,666,190,667,480,669,228,67);
aWE("rectangularslot_nam",313);
aWE("rectslot",96,163,228);
aWE("red",513,0,599,677,678,679,680,681,682,683,684,685,294,313,329,558,609,621,607,548,46,402,418,295,297,4,625,50,664,227,670,54,55);
aWE("redatum",558);
aWE("redesign",67);
aWE("redn",667);
aWE("rednoisebycrv",218,220,158);
aWE("rednoisemedian",218,159);
aWE("redo",384,429);
aWE("redraw",230,249,124,218,363,397,155,156,160,435,474,669,67);
aWE("redrawn",435,669);
aWE("reduc",246,245,244,249,255,104,316,595,533,554,41,343,345,356,137,218,361,362,363,656,149,385,397,398,155,156,409,410,661,158,159,459,461,663,176,667,227,640,490,26,67);
aWE("reducenoisestrength",67);
aWE("reducibl",265,231,518,519,525,526,90,91,93,94,96,97,98,99,100,330,346,218,139,140,141,400,417,433,672);
aWE("reduction",246,245,244,249,104,686,342,343,345,356,218,361,362,363,143,656,385,409,410,661,691,692,663,667,227,486,67);
aWE("ref",70,512,513,266,329,557,650,346,605,621,358,607,548,573,588,631,691,225,227,669,55);
aWE("refer",220);
aWE("referenc",230,70,512,0,87,17,271,29,646,686,36,37,39,266,329,564,1,6,7,58,59,41,8,344,346,42,621,357,218,2,364,145,43,400,47,297,4,433,50,457,15,227,496,26,67);
aWE("referent",436);
aWE("reflect",513,244,650,362,428,481);
aWE("reflection",246,245,244,614,563,537,361,362,635,295,440,517,640);
aWE("reflectiv",595,533,554,635);
aWE("refnam",87);
aWE("refresh",596,577,563,537,342,218,622,297,160,435,474,667,669,672);
aWE("refreshview",435);
aWE("regard",436,50);
aWE("regardles",315,366,417,476);
aWE("regedit",68,634);
aWE("regedt32",634);
aWE("region",246,245,249,250,252,308,328,218,656,406,411,434,440,167,466,666,183,185,186,189,190,486,675);
aWE("regional",36,313,37,416,67);
aWE("regist",230,235,326,649,342,8,357,436,662,667);
aWE("register",64,510,512,17,7,41,8,359,617,436,662,608,496);
aWE("registration",230,70,649,41,8,218,397,398,403,436,662,437,457,667,67);
aWE("registry",68,67);
aWE("regular",512,236,243,614,218,2,687,656,403,667,227,67);
aWE("reject",510,518,528,519,520,521,522,523,524,525,526,527,109,315,609,139,140,141,142,417,667,517,493,67);
aWE("relat",229,231,232,10,23,255,259,264,263,27,275,277,276,287,686,115,36,37,117,648,321,322,327,333,538,565,578,597,536,562,596,577,563,537,65,339,340,40,58,41,347,12,354,355,651,652,621,653,654,361,362,363,622,365,367,44,45,387,388,389,390,391,392,393,394,624,638,631,409,421,298,422,299,424,618,430,454,458,459,461,61,465,183,185,189,190,667,479,480,481,484,627,670,671,642,643,53,62,674,63);
aWE("relation",94,376,377,465);
aWE("relativ",230,614,250,251,252,333,342,656,420,471,495,675);
aWE("relative",616,67,675);
aWE("releas",64,603,328,536,562,658,399,411,456,226,67,509);
aWE("releasabl",573,588);
aWE("releasea",226);
aWE("releaseb",226);
aWE("relevant",510,513,514,515,621,516);
aWE("reliabl",64,67);
aWE("reload",336,672);
aWE("rely",1);
aWE("remain",513,21,256,274,308,328,266,329,1,650,346,347,349,630,352,356,616,369,406,411,434,436,453,620,462,464,465,466,467,470,471,472,473,474,485,490);
aWE("remember",67);
aWE("remot",582,567,614,555,557,559,536,562,572,574,589,573,588,625,592,642,581,598);
aWE("remov",9,230,512,513,246,245,244,249,24,17,92,262,270,28,273,104,29,677,678,679,680,681,683,684,685,278,279,30,282,31,285,286,646,316,330,558,560,534,536,562,342,5,1,58,352,356,137,621,218,653,361,362,2,656,591,617,370,379,151,46,224,410,412,413,414,295,4,691,539,566,48,438,439,440,441,450,451,162,50,165,166,167,222,663,664,620,225,464,465,466,467,468,666,470,471,472,473,474,667,227,517,486,203,671,490,204,503,213,67,55);
aWE("removebutton",370);
aWE("renam",272,594,576,342,5,13,442,49,667,671,228);
aWE("rend",289,304,306,307,58,687,388,389,390,391,392,393,394,397,398,295,444,443,445,446,449,448,447,692,667,484,489,671,673,674,63);
aWE("render",17,289,536,562,342,6,58,41,687,658,393,408,688,689,297,690,444,443,445,446,449,448,447,692,693,484,671,674,63,67);
aWE("renishaw",558,67);
aWE("reopen",648);
aWE("reorg",227);
aWE("reorganis",249,342,218,656,691,450,161);
aWE("reorganiz",227);
aWE("reorgmsh",218,161);
aWE("repair",64,342,343,218,656,691,451,162,667);
aWE("repeat",511,512,513,514,330,606,602,609,623,617,618,517,493);
aWE("repeatab",513);
aWE("repeatability",515,608);
aWE("repeatabl",512);
aWE("repeated",632,610);
aWE("repl",183,185,189,190,227);
aWE("replac",69,64,512,249,559,564,621,656,573,588,591,224,625,442,49,222,61,664,468,183,185,189,190,667,227,627,671,212,501,502,67,55);
aWE("replacement",224,475);
aWE("replay",517);
aWE("report",18,0,22,23,633,27,28,29,30,31,32,122,5,40,1,6,7,58,59,218,623,43,44,45,46,3,639,47,4,48,49,50,14,478,643,54,67,55);
aWE("reportbuttonin",50);
aWE("reportdat",313);
aWE("reposition",34,61,664);
aWE("represent",243,614,255,24,272,104,29,287,333,552,1,41,220,363,43,374,378,47,410,689,4,690,692,61,664,475,694,228,672);
aWE("representation",289,1,359,360,416,423,444,443,445,446,449,448,447,468,489,67);
aWE("reptyp",122);
aWE("request",650,621,427);
aWE("requir",513,686,570,547,564,344,650,66,609,607,548,573,588,616,617,224,402,631,50,692,620);
aWE("requirement",65,402,624,638,631,668,16,67);
aWE("res",639);
aWE("rescan",619,474);
aWE("reselect",272,672);
aWE("reserv",64,667);
aWE("reset",599,92,559,342,59,354,355,621,218,360,4,452,627,668,669,671,672,674,67,504,508,509,214,217);
aWE("resettabl",627);
aWE("resiz",22,292,646);
aWE("resizabl",67);
aWE("resolution",595,554,2,47,4,67);
aWE("resolv",595,554,621,397,398);
aWE("resourc",426);
aWE("respect",512,620);
aWE("respective",510,259,99,29,221,315,39,266,558,563,346,404,492);
aWE("respond",630,621);
aWE("respons",512,556,66);
aWE("responsibility",64);
aWE("rest",249,104,678,8,2,224,410,50,664,26);
aWE("restart",610,630,621,622,623,297,665,627,67);
aWE("restor",248,256,272,29,646,315,552,355,218,638,627,671,493,205,672,675);
aWE("restrict",510,249,316,120,596,577,563,537);
aWE("restriction",230,120,266,346);
aWE("result",69,64,230,18,70,510,511,512,513,236,21,246,245,244,614,249,518,528,519,520,521,522,523,524,525,526,527,17,90,91,92,93,94,95,96,97,98,99,100,514,267,29,677,683,684,277,276,105,106,316,317,318,319,320,322,323,324,325,515,326,329,332,533,556,560,534,561,535,536,562,596,577,563,537,130,132,1,6,7,8,650,349,356,606,602,609,218,139,140,141,142,363,143,2,656,369,370,371,372,374,375,376,377,378,379,380,381,382,397,659,637,516,404,409,410,417,418,297,4,551,430,450,663,61,664,473,477,478,226,517,201,484,203,490,494,495,212,501,502,67,509);
aWE("retriev",315,119,337,218);
aWE("return",528,519,520,521,523,527,292,35,114,558,536,562,59,658,529,446,457,664,226);
aWE("revenu",64);
aWE("revers",233,234,93,94,303,560,534,342,58,347,351,218,656,375,376,377,661,163,453,454,666,471,474,191,481,671,495,67);
aWE("revert",343,351);
aWE("review",64);
aWE("revision",592);
aWE("rfix",73);
aWE("rgb",0,313,55);
aWE("rhinocero",67);
aWE("ri",312,115,395);
aWE("rich",66,667);
aWE("rid",440);
aWE("right",64,230,513,56,0,613,614,250,599,260,94,644,271,272,28,274,29,677,681,280,281,282,283,284,285,287,33,34,647,327,39,329,330,268,269,333,536,562,596,577,563,537,342,40,41,344,351,630,60,352,634,651,652,357,218,653,2,574,589,623,657,658,370,374,375,376,377,379,387,46,399,631,403,412,413,414,416,297,423,425,428,4,436,441,50,164,455,456,664,665,465,667,227,517,482,670,671,495,54,672,673,674,67,55);
aWE("rigid",599,601,603,607);
aWE("rigidity",614);
aWE("ring",519,591,550,592,540);
aWE("risk",599);
aWE("rm",510,513,243,237,238,239,240,241,242,73,74,75,76,77,78,79,518,528,519,520,521,522,523,524,525,526,527,514,317,318,319,320,321,322,323,324,325,515,329,330,621,516,227);
aWE("rmb",287,33,34,38,333,352);
aWE("rmbnd",104,222);
aWE("rmdupltri",218,165);
aWE("rmfaultyarea",218,166);
aWE("rmfloatingmsh",218,167,227);
aWE("rob",510);
aWE("roboscan",517,67);
aWE("robot",517);
aWE("rol",452);
aWE("roll",510,513);
aWE("rom",631);
aWE("root",647,317,318,319,320,321,322,323,324,325,334,125,342,430,177,462,196,670,671,207,497);
aWE("rot",227);
aWE("rotary",625,67);
aWE("rotat",18,70,19,21,22,250,252,599,274,277,276,287,290,34,515,268,342,59,343,344,351,352,354,606,602,621,218,655,2,588,365,367,366,658,388,389,390,391,392,393,394,399,400,516,408,297,299,433,436,662,456,457,458,664,665,465,466,474,195,667,669,492,495,672,673,674,67,55,506,509);
aWE("rotateangl",80);
aWE("rotation",230,18,70,234,235,59,365,367,388,403,408,299,456,457,458,227,669,694,492,672);
aWE("rotterdam",0);
aWE("rotx",195,227);
aWE("roty",195,227);
aWE("rotz",195,227);
aWE("rough",513,664);
aWE("round",243,238,241,78,526,90,91,93,94,96,97,98,99,100,645,676,684,308,310,686,313,342,650,352,218,360,381,529,416,417,418,295,431,163,664,667,480,228,67);
aWE("roundnes",684);
aWE("roundslot",163,228);
aWE("roundslot_nam",313);
aWE("roundslotlength",313);
aWE("rout",0);
aWE("row",92,329,563,339,340);
aWE("rp",2);
aWE("rs",631);
aWE("rs3",67);
aWE("rstreng",0,1);
aWE("rtf",667);
aWE("rul",0,614,260,94,677,681,266,329,268,1,650,346,220,374,375,376,377,224,4,225,227,228);
aWE("run",511,513,613,249,250,252,68,599,92,290,293,308,221,601,603,328,123,536,562,342,354,634,606,602,604,600,609,621,218,219,607,657,617,388,389,390,391,392,393,394,636,402,631,406,410,411,295,425,434,222,170,620,517,669,672,674,67);
aWE("runexternalsoftwar",218,425,168,67);
aWE("runproces",218,169);
aWE("runscript",218,358,170,201);
aWE("s",230,512,234,614,521,610,525,526,599,17,29,683,684,109,33,34,313,601,603,122,594,532,553,576,595,533,554,557,536,562,337,342,5,58,66,352,606,621,218,220,141,607,573,588,377,378,388,659,299,4,457,171,460,461,61,180,466,666,667,476,223,196,493,54,674,67,581,55,508,217);
aWE("s1",617);
aWE("s6",617);
aWE("sab",686,312,115,395,396);
aWE("sab2",84,287,686,313,648,333,536,562,1,7,59,352,218,2,395,153,396,154,224,425,460,172,173,61,664,225,669,67);
aWE("saf",638);
aWE("safety",61,664);
aWE("saloon",615);
aWE("sam",18,512,513,0,249,250,252,25,260,86,17,96,98,99,262,514,270,273,102,29,677,683,684,283,284,285,287,646,38,266,329,268,269,333,594,532,553,576,558,561,535,336,40,1,7,343,650,345,346,351,352,356,609,621,220,359,360,363,143,2,623,657,658,44,45,617,369,376,377,378,385,396,399,400,516,224,401,403,688,295,4,690,433,436,625,48,441,448,456,457,222,61,664,225,471,473,223,480,226,517,483,693,671,490,228,494,26,62,674,63,675);
aWE("sampl",69,230,510,236,72,243,614,255,17,686,560,534,561,535,563,342,6,41,8,356,137,218,363,143,656,388,397,398,688,410,661,299,691,618,459,692,663,464,15,227,490,204,674,63,212,501,502,67,55);
aWE("samplingx",105,106);
aWE("samplingy",105,106);
aWE("satisfi",1,609,457,465,466,474);
aWE("sav",513,236,23,614,250,85,24,17,28,109,646,221,686,311,115,116,117,118,315,648,11,326,266,329,122,538,565,578,597,536,562,337,342,1,6,7,58,59,346,42,218,358,2,657,13,224,402,408,410,295,425,427,618,539,566,430,431,436,437,50,457,171,460,172,173,61,664,225,667,478,517,668,669,671,493,53,26,672,67);
aWE("savea",218,224,172,225);
aWE("savecopy",218,173);
aWE("say",630);
aWE("scal",0,234,24,17,646,124,342,58,8,218,615,387,4,691,461,174,492,67,55);
aWE("scalept",218,174);
aWE("scalex",174);
aWE("scaley",174);
aWE("scalez",174);
aWE("scan",69,229,230,510,511,512,513,0,236,72,243,246,244,613,614,250,519,520,521,523,525,526,527,599,84,260,17,514,270,271,543,544,676,275,682,277,276,106,287,291,292,293,294,108,646,308,686,312,115,313,601,648,316,317,318,319,320,321,323,324,325,515,328,266,329,332,333,530,546,586,568,569,587,538,565,578,597,595,533,554,557,560,534,561,535,536,562,596,577,563,537,339,340,132,342,6,7,58,41,8,344,346,66,348,605,630,352,134,135,356,137,583,651,652,606,604,621,357,218,359,360,654,141,142,361,363,143,2,687,635,548,573,588,590,575,591,615,616,617,368,387,152,388,389,390,391,392,393,394,395,153,396,154,397,398,156,659,637,660,400,516,624,631,408,688,411,414,417,418,295,424,427,4,690,691,618,430,431,433,434,159,436,662,438,440,442,444,443,445,446,449,448,447,50,172,461,692,663,61,664,619,620,175,176,225,179,181,182,464,465,467,666,471,472,473,474,187,191,193,667,477,226,517,483,200,693,484,485,579,640,668,16,489,669,694,671,490,204,228,208,499,26,672,673,674,695,502,67);
aWE("scan0",270);
aWE("scan1",270,224,225);
aWE("scan11",483);
aWE("scan2",224);
aWE("scancalculat",226,517);
aWE("scancaptur",226);
aWE("scandata",0,224,4);
aWE("scandata_nam",313);
aWE("scanidl",226);
aWE("scanned_object",228);
aWE("scanner",632,312,59,395,396,54,67);
aWE("scannormalsinv",218,175);
aWE("scanpaus",226);
aWE("scanprescan",226);
aWE("scanrednoiseavg",218,176);
aWE("scanview",226);
aWE("scar",637,643);
aWE("scen",17,270,272,274,278,280,281,282,283,284,285,287,289,646,315,119,322,266,269,333,334,335,337,129,342,59,346,349,352,354,355,357,218,359,360,653,654,658,388,389,390,391,392,393,394,155,156,417,295,297,299,431,435,441,444,443,445,446,449,448,447,462,463,469,470,475,667,476,483,484,669,670,671,228,493,205,497,499,500,672,674,67);
aWE("scenario",7);
aWE("schem",265,528,523,24,290,34,268,269,6,59,358,359,360,409,295,4,61,671,55);
aWE("schematic",230,287,34,266,329,330,1,346,621,2,374,376,4);
aWE("scissor",274);
aWE("screen",513,22,613,614,599,292,601,266,58,41,650,346,602,654,363,658,617,374,378,636,399,660,400,404,405,408,421,422,299,427,433,456,664,517,641,669,67);
aWE("screensav",672);
aWE("screw",599,621,593);
aWE("script",70,68,221,342,218,219,657,224,427,222,170,225,227,201,67);
aWE("scrol",664);
aWE("scroll",644,400,297,299,433,664,665,667,673,674,67);
aWE("scrollabl",67);
aWE("sdk",548,573,588);
aWE("se",510,246,245,244,614,518,528,519,520,521,522,523,524,525,526,527,611,99,28,103,677,678,679,680,681,683,684,685,279,286,293,300,303,221,322,327,39,266,329,269,552,558,559,562,334,335,126,127,65,1,7,41,343,8,650,345,346,351,42,354,651,609,138,359,687,548,366,146,43,369,371,372,374,376,378,380,381,382,385,390,396,397,398,400,224,47,409,689,296,4,430,431,433,438,50,163,454,692,664,225,180,462,466,473,184,186,476,197,517,693,485,641,669,671,206,497,208,209,54,26,672,673,67,55);
aWE("search",342,5,218,219);
aWE("seat",230,606,591);
aWE("sec",590,531,549,575);
aWE("secant",376);
aWE("second",230,513,610,525,526,611,599,259,17,90,93,94,97,99,100,684,292,308,221,647,313,322,328,333,561,535,536,562,563,1,7,344,650,352,651,602,609,621,139,140,141,373,375,376,377,224,405,406,407,410,411,416,434,436,662,473,668,487,488,675,55);
aWE("section",9,230,18,510,512,0,524,24,17,28,645,29,303,646,313,603,648,266,329,333,594,532,553,576,556,557,558,559,560,534,536,562,596,577,563,537,649,335,336,342,5,1,6,7,58,59,41,8,344,650,346,66,630,60,12,609,358,654,655,2,656,607,43,369,371,372,374,376,378,380,381,382,46,637,13,400,639,689,661,425,426,427,428,4,433,662,48,50,14,454,470,476,517,668,16,608,669,671,642,643,228,672,503,67,675);
aWE("sectionplan",29);
aWE("secur",512,629,621,628);
aWE("secure",512,626);
aWE("security",634);
aWE("seem",621);
aWE("seen",570,547,557,436);
aWE("segment",242,1);
aWE("segmentation",1);
aWE("sel",227);
aWE("selall",218,220,224,222,177,227);
aWE("selavg",203);
aWE("selbndmsh",218,178);
aWE("selbndscan",218,179);
aWE("selbycrv",218,180,227);
aWE("selbyedg",218,181);
aWE("selbyptnormal",218,182);
aWE("select",265,69,230,231,70,510,511,513,233,234,235,71,236,72,243,246,245,244,613,614,249,251,253,82,518,528,519,520,521,610,522,523,524,525,526,527,611,255,24,259,260,86,87,17,92,94,262,514,267,270,271,272,273,274,103,104,29,677,678,679,680,681,682,683,684,685,277,276,278,280,281,282,283,284,285,32,286,287,304,305,306,307,646,308,310,647,312,117,314,601,603,648,316,120,317,318,319,320,321,322,323,324,325,515,326,38,39,328,266,329,330,268,332,333,552,594,532,553,576,556,557,558,559,536,562,596,577,563,537,335,127,128,336,342,1,7,58,59,41,343,8,344,650,345,346,347,348,349,351,630,352,42,356,137,634,652,606,602,604,621,357,218,358,359,653,654,139,140,141,142,361,362,363,143,2,656,607,364,145,548,573,588,623,366,341,657,44,45,147,148,149,616,617,370,373,374,375,376,377,378,379,383,385,386,387,152,388,389,390,391,392,393,394,397,398,155,156,46,400,516,224,631,403,404,405,406,407,409,410,411,412,413,414,415,416,417,295,421,297,299,425,428,618,539,566,431,433,434,158,159,436,438,439,440,441,49,450,161,451,162,50,454,166,167,457,222,459,692,663,61,664,619,620,175,176,225,177,178,179,180,181,182,462,463,464,465,466,467,468,666,469,470,471,472,473,474,183,184,185,186,187,188,189,190,191,192,193,195,667,476,477,481,226,482,483,199,200,485,486,203,487,488,669,670,671,490,228,494,495,207,497,499,54,26,672,674,212,501,502,503,213,67,675,506,508,217);
aWE("selection",69,230,233,234,235,71,236,243,237,238,239,240,241,242,73,74,75,76,77,78,79,246,245,244,614,249,253,610,611,255,599,260,87,17,644,262,101,267,270,273,102,274,645,677,678,679,680,681,682,683,684,685,277,276,105,106,278,107,646,308,310,113,312,115,314,316,317,318,319,320,321,322,323,324,325,326,38,328,266,329,332,335,128,339,340,342,343,344,650,345,346,348,349,42,218,359,361,362,363,2,656,364,366,370,374,375,376,378,379,151,385,387,397,398,46,400,401,405,406,407,409,410,411,661,418,295,421,433,434,438,439,440,450,451,454,457,459,461,174,664,619,225,665,464,465,466,467,468,666,470,471,472,473,474,183,185,187,188,189,190,194,667,477,198,481,227,482,483,201,485,486,668,487,488,669,670,671,494,495,26,672,212,501,502,503,67);
aWE("selecttactil",519,520,521,523,525,526,527);
aWE("selelp",218,183);
aWE("selentity",218,184,228);
aWE("selentitybypt",218,185);
aWE("selentitytyp",218,225,186,228);
aWE("self",265,607);
aWE("selfront",218,187);
aWE("selinv",218,188,227);
aWE("selon",115,117);
aWE("selpolygon",218,189,227);
aWE("selrect",218,190);
aWE("selreversescan",218,191);
aWE("selthintrimesh",218,192);
aWE("selthintriscan",218,193);
aWE("seltyp",183,185,189,190,227);
aWE("semicircl",526,90,94,97,99,100,684,352,416,431);
aWE("semicolon",416);
aWE("send",556,621,67);
aWE("senor",598);
aWE("sensitiv",220,194,223,55);
aWE("sensitivity",510,557,596,577,563,537,652,299,457,67);
aWE("sensor",582,567,541,510,632,512,513,0,613,614,633,519,520,521,523,525,526,527,611,612,514,288,291,294,109,646,686,313,515,530,546,586,568,569,587,552,594,532,553,576,595,533,554,560,534,561,535,562,596,577,563,537,342,59,651,606,621,218,141,142,363,143,635,548,622,574,589,573,588,590,531,549,575,591,615,617,387,152,397,516,224,631,688,424,618,430,692,61,664,620,182,467,471,473,593,626,667,226,227,517,693,627,640,550,592,540,668,16,608,669,642,672,67,581,598);
aWE("sent",402,668,16);
aWE("separat",0,250,267,270,271,646,36,313,37,314,266,329,330,269,536,562,338,339,340,1,8,344,650,346,218,151,400,224,403,410,689,433,227,199,485,228,67);
aWE("separate",4);
aWE("separation",333,433,474);
aWE("separator",416,227);
aWE("sequenc",632,513,614,249,267,28,330,351,358,657,617,224,689,50,222,692,225,593,667,481,693,228,67);
aWE("sequential",124,398,156);
aWE("ser",0);
aWE("seri",249,561,535,656,574,589,590,531,549,575,474,67);
aWE("serial",632,512,513,0,633,599,601,570,547,594,532,553,576,556,596,577,563,537,564,621,631,430,628,581,598);
aWE("serv",631,639);
aWE("servic",64);
aWE("session",17,108,221,266,329,536,562,336,131,7,58,8,346,42,395,224,225,26);
aWE("set",265,69,230,70,510,511,632,0,73,80,246,245,244,247,81,613,614,249,585,68,518,528,519,520,521,522,523,524,525,526,527,599,24,17,92,272,676,104,677,678,679,680,681,682,683,684,685,286,108,302,110,111,112,686,115,36,313,37,116,117,601,603,120,327,38,39,266,329,330,331,121,122,552,595,533,554,556,557,558,560,534,561,535,536,562,596,577,563,537,124,131,339,340,342,1,6,41,650,346,350,133,630,352,136,353,356,634,651,652,609,621,357,218,359,360,654,361,362,363,143,2,607,548,573,588,623,366,146,615,616,617,372,374,376,382,152,388,389,390,391,155,156,659,637,224,639,404,688,410,412,413,414,415,416,417,418,295,421,297,298,422,423,299,424,425,427,4,618,433,436,662,625,163,164,455,457,222,168,174,692,663,61,664,620,470,474,183,187,189,190,475,194,667,223,226,227,517,201,484,203,579,668,608,694,671,490,204,492,496,498,210,672,212,67,55);
aWE("setprofil",218,194,226);
aWE("setting",230,510,511,513,56,10,614,249,633,519,520,521,523,525,526,527,24,17,28,677,678,679,680,681,683,684,685,287,290,294,36,313,37,601,603,327,38,333,538,565,578,597,552,594,532,553,576,595,533,554,555,556,557,558,559,560,534,561,535,536,562,596,577,563,537,564,337,342,6,7,58,59,8,650,345,60,352,12,651,652,602,604,600,609,621,218,359,360,653,607,635,622,623,366,392,394,400,631,296,412,413,414,416,417,418,419,420,295,421,422,423,424,426,427,618,539,566,430,433,452,61,664,665,473,194,15,51,52,517,668,16,669,493,26,674,67);
aWE("setup",510,511,632,512,513,266,329,346,606,621,358,548,573,588,617,631,517,67);
aWE("setview",218,195,227);
aWE("seven",24,694);
aWE("shad",0,17,536,562,342,58,354,687,388,389,390,391,393,394,397,398,408,689,295,297,299,4,443,448,692,489,671,672,673,674,67);
aWE("shaft",599);
aWE("shall",64);
aWE("shap",243,237,238,239,240,241,242,73,544,677,678,679,680,681,682,683,684,685,287,33,34,328,332,333,343,352,218,363,143,410,411,450,619,666,187,189,484,669,672);
aWE("shar",687,688);
aWE("sharp",630);
aWE("sharpen",310,113,218,656,67);
aWE("sharpest",614);
aWE("sharpnes",310);
aWE("sheet",19,519,141,420,54,67,55);
aWE("shift",231,510,513,233,250,272,274,278,32,293,308,315,119,335,128,337,129,344,351,352,357,658,369,371,372,374,376,378,380,381,382,396,154,46,399,408,299,434,456,458,665,464,667,476,196,671,495,67,506,509);
aWE("shinines",618);
aWE("shiny",614,563,537,621,440,61,664);
aWE("shock",512);
aWE("shop",599,601,603,607,548,573,588);
aWE("short",293,66,50,470,627,672,55);
aWE("shortcut",73,74,75,76,77,78,79,81,599,261,644,101,263,102,104,107,110,113,312,119,120,121,128,129,65,131,349,133,630,136,358,149,368,150,369,371,372,374,376,378,380,381,382,153,154,659,660,157,160,162,164,171,664,177,188,195,667,476,196,198,202,203,668,16,669,671,205,207,210,672,674,695,213,67,214,215,216,217);
aWE("shortest",379);
aWE("shortfilenam",122,224,225);
aWE("should",265,229,70,510,511,512,513,0,614,68,528,611,599,256,259,17,100,275,29,108,109,601,603,317,318,319,320,323,324,325,266,329,556,558,560,534,536,562,339,340,1,41,343,8,650,346,651,606,609,621,139,140,141,142,2,144,607,548,573,588,623,43,591,616,617,372,373,374,375,376,377,378,379,397,398,155,156,400,224,631,415,417,433,436,50,168,620,225,195,227,517,201,579,641,228,55);
aWE("show",610,611,28,290,291,292,293,294,300,301,108,308,221,647,39,328,266,329,333,556,649,125,342,5,41,650,346,351,12,218,358,360,657,402,631,405,406,407,411,416,418,295,297,298,423,428,618,539,566,434,14,664,473,474,667,476,223,51,52,196,197,487,488,669,694,670,671,672,673,695,67,55);
aWE("showall",218,196);
aWE("showcommand",223);
aWE("showentity",218,197,228);
aWE("shown",229,511,512,513,599,24,677,678,679,680,681,683,684,34,322,39,266,329,650,346,352,606,609,617,46,660,402,404,412,413,414,428,618,664,619,517,669,695,598);
aWE("shut",627);
aWE("sid",0,247,81,519,520,521,525,527,91,96,98,99,100,274,29,683,302,110,647,312,317,318,319,323,325,268,331,121,332,58,343,630,136,353,609,218,607,573,658,529,659,399,660,403,297,4,164,455,456,61,664,619,665,181,666,473,223,485,670,498,210,672);
aWE("sigma",606,43);
aWE("sign",0,17,36,339,340,58,374,402,416,423,453,227,55);
aWE("signal",595,533,554,626,581,598);
aWE("significant",512,17,59,2,397,398,416,423,473,506);
aWE("signification",402);
aWE("silent",139,140,141,142);
aWE("silv",510,601,559,621,588);
aWE("similar",21,645,266,346,384,394,402,417,420,429,691,618,50,468,473,674);
aWE("similarity",295);
aWE("simp",243,17,94,278,650,358,375,376,377,625,453,619,465,466,468,474);
aWE("simpl",613,266,329,65,650,346,390,224,49,67);
aWE("simulation",66);
aWE("simultaneous",250,252,266,329,650,346,374,378,398,67,675);
aWE("sinc",70,621,418,67);
aWE("singl",233,523,611,612,259,260,86,29,279,286,303,304,305,306,307,646,38,268,122,560,534,536,562,131,342,6,8,344,351,606,602,609,357,218,654,655,363,2,657,148,617,374,376,395,400,406,407,47,661,414,417,690,433,442,49,222,692,663,664,225,464,666,474,227,483,200,693,668,669,694,671,228,494,496,54,26,501,502,67,55);
aWE("sit",250,615,616,617,631,413,414,664,668,67);
aWE("situation",230,287,333,297,228);
aWE("six",521,17,558,58,621,687);
aWE("siz",19,613,255,272,544,221,313,38,39,536,562,563,1,58,343,356,137,218,361,362,574,615,617,400,631,410,421,298,422,424,431,433,459,663,620,671,490,54,67,675,55);
aWE("skew",379);
aWE("skil",344);
aWE("skip",1,41,2,397,398,155,156,224,4);
aWE("slant",313,378);
aWE("slantangl",313);
aWE("slantlength",313);
aWE("sleep",667);
aWE("sleev",591,550,592,540);
aWE("slid",249,595,596,577,563,537,652,47,410,421,297,298,422,299,424,457,474,195);
aWE("slider",533,554,457,474);
aWE("slight",246,245,599,471);
aWE("slot",231,240,241,77,78,518,519,525,526,599,90,91,93,94,96,97,98,99,100,645,676,677,678,679,680,681,683,684,686,313,342,650,352,218,360,573,588,623,380,381,529,631,416,417,418,295,431,163,664,667,480,228,672,67,598);
aWE("slow",510,614,249,309,1,606,548,624,410,299,225,473,493);
aWE("smal",345,218,2,656,574,385,666,472,192,193,484,486,203,67);
aWE("small",19,243,246,245,244,614,544,306,316,266,329,343,650,345,346,349,357,363,656,385,409,690,440,446,451,666,671,496);
aWE("smallest",322,323);
aWE("smith",313,227,54,55);
aWE("smooth",246,245,244,614,17,310,342,58,8,621,218,687,656,635,393,397,398,689,297,691,449,448,692,667,477,198,486,489,671,673,674);
aWE("smoothbnd",218,198,227);
aWE("smp",227);
aWE("smppcent",87);
aWE("smpstep",70,124,155,156,225);
aWE("snap",271,369,421);
aWE("snapshot",342,6,59,478,672,67);
aWE("snug",599);
aWE("so",230,511,512,614,250,252,519,525,526,17,94,287,290,292,293,308,328,329,332,333,557,536,562,1,58,41,8,344,345,351,352,354,609,621,357,143,2,548,573,588,623,616,617,376,377,385,388,389,390,391,392,393,394,399,406,409,411,412,413,414,416,691,618,434,436,456,664,223,481,485,671,495,496,672,674,506,509);
aWE("socket",599);
aWE("soft",295);
aWE("softwar",64,511,512,513,0,613,585,68,599,221,35,312,36,313,37,601,603,266,329,530,546,586,568,570,547,558,559,596,577,563,537,65,338,342,346,605,634,606,604,600,621,655,363,607,548,573,588,395,636,660,402,638,631,417,420,425,428,430,436,452,168,664,620,626,517,627,579,668,608,669,694,643,67,581,598);
aWE("solid",131,650,395);
aWE("solution",582,567,541,94,621,375,376,377,378,624,638,427,627,628);
aWE("solv",641,642,643);
aWE("somepath",169);
aWE("sometim",520,521,278,293,326,596,347,630,621,397,398,440,619,620,467,471,494,495,672);
aWE("somewher",644,43,61,664,674);
aWE("sophisticat",533,554);
aWE("sort",249,303,342,661,454,222,479,480,481,671);
aWE("sound",510,513,519,520,521,522,523,524,527,558,563,548,573,588,415,419,420,67);
aWE("sourc",230,584,92,99,266,329,330,269,346,378,436,640);
aWE("sourceindex",99);
aWE("south",665);
aWE("sp1",0);
aWE("spac",229,230,510,236,614,277,276,105,106,287,290,313,266,329,560,534,561,535,342,346,138,357,218,220,363,143,635,590,531,549,575,616,387,400,224,631,689,661,416,297,298,433,662,459,665,473,481,227,670,671,492,206,673,67);
aWE("spaceball",67);
aWE("spacebar",667);
aWE("spaceprob",512,513,67);
aWE("span",550,592,540);
aWE("spar",573);
aWE("spars",614,410);
aWE("spc",227);
aWE("spe",230,614,249,17,104,294,561,535,536,562,563,1,41,590,531,549,575,624,410,417,297,299,517,67);
aWE("speak",415,608);
aWE("special",98,686,555,630,219,688,428,226,227,694,671);
aWE("specifi",511,513,0,246,245,244,514,277,276,109,113,515,333,122,560,534,561,535,124,1,343,345,356,609,139,140,141,361,362,2,149,385,395,3,516,224,298,425,4,158,159,458,176,473,517,490,494,672,501,502);
aWE("specific",229,512,260,644,603,559,126,127,650,138,218,660,431,465,666,184,186,667,197,608,671,228,206,208,209,67);
aWE("specification",64,510,511,512,513,0,20,613,514,28,515,606,531,549,637,402,624,631,4,222,668,16,608,55);
aWE("specify",236,2,4,50,473);
aWE("specular",295);
aWE("speech",548,573,588,415);
aWE("speedbar",342,358,667,669,672,67);
aWE("spher",512,242,79,527,17,90,94,97,99,100,271,645,676,682,685,287,109,308,313,325,328,266,329,330,332,333,557,342,650,352,609,138,218,360,654,341,146,370,373,375,377,378,379,382,383,529,411,417,418,419,295,431,434,664,667,480,226,517,694,671,228,206,499,67);
aWE("sphere_1",228);
aWE("sphere_nam",313);
aWE("spherical",242,527);
aWE("spik",361,362);
aWE("spin",29,465,466);
aWE("spit",483);
aWE("split",24,316,342,59,218,656,4,691,692,663,482,483,199,200,485,67);
aWE("splitmesh",218,199);
aWE("splitscan",218,200);
aWE("spoken",580);
aWE("spot",563,640,67);
aWE("spp",67);
aWE("spray",614);
aWE("spreadsheet",36,313,37,67);
aWE("spuriou",595,533,554);
aWE("sq",109);
aWE("squar",243,303,307,317,318,319,320,321,322,323,324,325,342,1,343,347,351,366,46,421,434,667,671);
aWE("sr3",67);
aWE("stability",67);
aWE("stabl",513,609);
aWE("stack",384,429);
aWE("stag",249,528,519,520,521,523,525,526,527,92,514,676,515,538,565,578,597,1,363,2,617,516,437,620,517,67);
aWE("stand",614,27,648,531,549,368,440,664);
aWE("standalon",54,55);
aWE("standard",19,254,257,258,27,32,109,648,321,38,5,40,609,218,359,144,43,368,369,371,372,374,376,378,380,381,382,395,13,295,442,460,667,550,592,540,487,488,671,67,675);
aWE("standarddeviation",109);
aWE("standby",412,413,414,61,664);
aWE("standoff",513,536,562,563);
aWE("star",690);
aWE("start",230,513,0,614,68,518,519,520,521,523,525,526,527,599,17,92,29,678,679,680,277,276,105,106,287,109,308,221,320,266,329,333,123,594,532,553,576,557,558,536,562,564,649,65,7,41,8,344,650,346,352,634,606,609,621,218,219,140,607,145,548,573,588,623,617,374,378,660,400,47,418,425,428,4,539,566,433,434,436,437,457,169,61,664,619,620,226,517,627,668,608,669,67,55);
aWE("start2macro",218,201);
aWE("startpag",54,55);
aWE("startpoint",313,2);
aWE("startptx",105,106);
aWE("startpty",105,106);
aWE("startsalignment",669);
aWE("startup",68,622);
aWE("startupfil",68);
aWE("stat",64,234,250,252,290,293,303,304,305,306,307,646,111,112,315,552,337,357,218,638,408,160,187,195,476,668,493,205,496,672,67);
aWE("statement",19);
aWE("static",585,611,612,271,543,544,686,342,609,688,417,690,442,465,693,484,579,668,669,228,674,67);
aWE("statistic",514,317,318,319,320,321,323,324,325,515,6,59,606,14,668);
aWE("statistical",36,313,37,7,43,67);
aWE("statu",614,313,596,577,563,537,622,623,402,297,428,664,223,673,67);

//-->
</script>
</html>
